x0,y0,z0,x1,y1,z1,x2,y2,z2,x3,y3,z3,x4,y4,z4,x5,y5,z5,x6,y6,z6,x7,y7,z7,x8,y8,z8,x9,y9,z9,x10,y10,z10,x11,y11,z11,x12,y12,z12,x13,y13,z13,x14,y14,z14,x15,y15,z15,x16,y16,z16,x17,y17,z17,x18,y18,z18,x19,y19,z19,x20,y20,z20,label
0.0,0.0,0.0,0.49400169820828504,-0.34850235850591793,-0.11501980973125886,0.8558316030323005,-0.9806494669034899,-0.13623954827250306,0.9441148690844514,-1.5457342065144706,-0.15460315228643468,0.991637155869938,-1.939157183214107,-0.13237778210143816,0.5575438020692445,-1.4998172869267055,-0.05341635240874558,0.6711440860697931,-1.913756978935721,-0.22236247863499603,0.6429974431912485,-1.3720940276309999,-0.28589039567998853,0.565164701664613,-1.2821263996104022,-0.3152353207145648,0.23753566343306298,-1.4657289475790691,-0.0690236888175642,0.34309976104357265,-1.8170041837512658,-0.22224809743126203,0.3628126642573664,-1.221918842356961,-0.22987796454524598,0.28259073395083245,-1.2218440391454986,-0.21976359098158524,-0.06954602886372456,-1.3580097436521166,-0.11400671187256937,0.04964095877910491,-1.696936646235575,-0.29349781376984285,0.10511946990099817,-1.150239954683651,-0.1922560399802816,0.02963077728527515,-1.114175778784973,-0.09864666234647114,-0.3974807284938364,-1.225306911951991,-0.16554217483163222,-0.2644586934344532,-1.476121435130174,-0.25652971199472163,-0.17267483054244295,-1.1136947167526372,-0.1472115088158513,-0.2283719476012824,-1.018770731117384,-0.05043097981680173,A
0.0,0.0,0.0,0.5081242787637533,-0.26696164723437016,-0.11799491464075917,0.8520655666755688,-0.9297390526008134,-0.12508799502637627,0.9265443252506244,-1.533800854663035,-0.12687469301674498,0.9822245980859082,-1.9115895691621625,-0.08799775730604856,0.5656865987506867,-1.4638524593741697,-0.036706945804147816,0.6635391478658912,-1.8779868960010313,-0.20621408650922457,0.638477948962152,-1.349833574641437,-0.2632935277088382,0.5652572294640709,-1.231342524266784,-0.28568048423581466,0.2447330570053609,-1.4374604743381183,-0.04803409678181922,0.3261095297074211,-1.7968936518344196,-0.21593373974284263,0.35347341540278504,-1.1987343841821816,-0.2224561396868503,0.2832980493012659,-1.1806103444754523,-0.2013384980304257,-0.06349750974175769,-1.3315090763822215,-0.09119855701460668,0.023134533558148946,-1.6560909179275494,-0.294598545749672,0.08743937395403292,-1.0937846323482243,-0.19791350604257732,0.023446214275240553,-1.0585304393708028,-0.09694896924887299,-0.3921987745406791,-1.1958477810263788,-0.13980449193478053,-0.28768970820194567,-1.4197108394761941,-0.2547566405574354,-0.19524145699772275,-1.0378773887002866,-0.15796012609179327,-0.2434006542718189,-0.9591301562382565,-0.06427607418126231,A
0.0,0.0,0.0,0.5263776840972866,-0.1981088772621078,-0.17624082460748586,0.922933042182997,-0.8404483676137633,-0.19812189704909744,0.9873127142511299,-1.4924776951820125,-0.20070907160957918,0.9928720058797709,-1.9124791836386463,-0.15935921018010707,0.6231064452697213,-1.4280326387232545,-0.06694354793563223,0.6605364194217539,-1.8516717003573364,-0.24104124684771658,0.6134111054063918,-1.320831369757338,-0.28834820889631585,0.592556074277813,-1.188821579825741,-0.29804441866335724,0.2911521598619831,-1.4168298973394253,-0.047674634498321086,0.31091281166034734,-1.7672785784260958,-0.23328779506350505,0.3205948804344905,-1.1668252350271426,-0.22544909271552682,0.3087583636207412,-1.1192215144308704,-0.1783808888903672,-0.022251408659056632,-1.3197153035252824,-0.0666112851783222,-0.0051187562046770855,-1.6161635990278957,-0.28244103670418824,0.04636141717439604,-1.051863939423378,-0.17233408703731937,0.04395125790412757,-0.9941560646798185,-0.05020044038647575,-0.3470457796082481,-1.1874226128144463,-0.09713420868508796,-0.31167800324172185,-1.3964985887060515,-0.21686720937311715,-0.23322353187878853,-1.003608964401672,-0.1168231743484955,-0.23201748118834797,-0.9074977944040523,-0.011915123294552831,A
0.0,0.0,0.0,0.5137246987571356,-0.2089764755401717,-0.15009446896097534,0.9508524286464936,-0.7798947064307444,-0.17637407238645586,1.0596882907399188,-1.3977846480197322,-0.18932770394794737,1.088626013262229,-1.8217839144041825,-0.15939029608262612,0.6346650616789413,-1.3977759015417144,-0.0742373437787086,0.7398898778478227,-1.8110182494609746,-0.2529662970708442,0.6823177481658952,-1.2571850138815617,-0.3125186645181294,0.6279652595172096,-1.1204313310775595,-0.329690870805419,0.30952723633111595,-1.4051373122906594,-0.0673848540768904,0.393403149155098,-1.7284115130722366,-0.2222116694508056,0.3865877685338436,-1.1129774575609965,-0.2128794897798928,0.34175519645924124,-1.0865543474688402,-0.18312299539348476,-0.005983215712691667,-1.3113207148250887,-0.09421727200754192,0.07669724099076876,-1.6302066826353863,-0.27946176084053276,0.1161082461911163,-1.0698766881339437,-0.16527377656550846,0.08219752616718491,-1.0139635779074878,-0.05584002046302073,-0.3416630460658381,-1.1887975517562532,-0.13001794388702326,-0.26729205585362287,-1.4090313692539262,-0.22419274672186598,-0.17987506892924027,-1.0446430990522253,-0.11380543904323413,-0.19942157305401673,-0.9607781193257656,-0.010780532925510218,A
0.0,0.0,0.0,0.5104719891751117,-0.20098641249789598,-0.1275301231849351,0.9162751286964578,-0.8515910257972557,-0.13476713699400333,0.9980905468669639,-1.4653833581330338,-0.13504615271891576,1.0213624324269481,-1.8799523459446774,-0.09271856708686284,0.6195047170575775,-1.4541142925319375,-0.04676447213738825,0.722067950284077,-1.9031252483476426,-0.22478615792219137,0.668998241865235,-1.3553724764685633,-0.27900722327016086,0.6131778582430463,-1.1852635261517321,-0.2874981048305576,0.2903823834576518,-1.4686242223976866,-0.04911526129478202,0.38725603145357557,-1.8314036098099171,-0.20472931342262346,0.37168759350138736,-1.2137614999682722,-0.18931574518520972,0.310759011674823,-1.1555577353854962,-0.14768776680709608,-0.0281228943816554,-1.3847724204013125,-0.08618680827155674,0.06566420297923822,-1.7250025549083143,-0.27421342170848056,0.10102343344118314,-1.1573132962097086,-0.16249827807505068,0.05304134807610045,-1.0822518102503111,-0.04884854026502254,-0.35885092385738493,-1.2647959367315498,-0.1303036847678104,-0.2619258379849203,-1.517092048142861,-0.2257323020526461,-0.18768624587987365,-1.1438443577481168,-0.11546044267537443,-0.2276409640362405,-1.0485408161782823,-0.010005424379949073,A
0.0,0.0,0.0,0.5106626242925008,-0.1502078018324168,-0.16084958941057803,0.9383732468425182,-0.7818658145104735,-0.1850476713972353,1.0538238983185841,-1.397772004207174,-0.19331942706694455,1.1091165348279983,-1.8093215406651115,-0.15634012737293274,0.6986544754612509,-1.4214353317517574,-0.07769923640165932,0.7945136011134616,-1.8258344373842508,-0.24742301461414887,0.7213983343728496,-1.2690908010946176,-0.2958036709947612,0.6707705648637412,-1.1549501120249672,-0.31245204456158476,0.36623463387444716,-1.4598234332968154,-0.07154137019159089,0.45464462156503116,-1.7974185763005432,-0.235862447596199,0.4265199141037176,-1.178491209982791,-0.22486380191934646,0.3706843401789586,-1.171759655831074,-0.1908675107123187,0.04334160432982815,-1.4011612429546483,-0.10071740374154978,0.13621091188792722,-1.7107220917681678,-0.29961559178465164,0.15254343985357086,-1.133892517843067,-0.1876570098460447,0.09896155977007838,-1.1072366254720851,-0.07885527450578779,-0.2931704105754971,-1.3102025165963311,-0.14023447663299396,-0.1925239594418637,-1.5143618628991635,-0.2550691161701702,-0.1280391544405319,-1.117753634503638,-0.15410863628431737,-0.16906801018492879,-1.0503710269398003,-0.056827046649113595,A
0.0,0.0,0.0,0.48853291911809166,-0.08585317898577481,-0.17329120870741507,0.940928466449187,-0.724240797349056,-0.19793653318136015,1.0892527399296468,-1.3723482206338309,-0.1985355196231666,1.1647088835003419,-1.8000063228712373,-0.14725302091274997,0.7454569677376516,-1.4036920815786067,-0.11866726841579962,0.8579047579049992,-1.8339700438630657,-0.284559895424735,0.7787362613124763,-1.2703406474220682,-0.29650312236490595,0.7013391074960837,-1.1399912299460508,-0.28161475692959753,0.4179660054710699,-1.4614173448487122,-0.10720016294046712,0.5144141352659055,-1.8289771782421806,-0.28908610803315277,0.47971183000835715,-1.1772432252473313,-0.26539106982533045,0.41929275830308455,-1.1811849802030918,-0.2089176664029265,0.09136620224665913,-1.4216755738911504,-0.12917609229290022,0.1626132251566339,-1.7166517357729303,-0.34874516213515255,0.1772418716181136,-1.114706998595718,-0.23503979956214094,0.13637486168422697,-1.128763849491678,-0.11464922607181383,-0.2523169380938524,-1.3514793018001294,-0.1601529101433839,-0.18138262150636764,-1.5314970267803696,-0.29412431427156804,-0.12236694986750597,-1.1081653550553887,-0.19911041886191014,-0.1530343000110375,-1.0748243478622588,-0.10017833842068412,A
0.0,0.0,0.0,0.5126130324627841,-0.11942104749830464,-0.19155106265958913,0.9763435243865701,-0.7995583415130123,-0.20855312480683946,1.0945236558780975,-1.4363686867625296,-0.2009184468864515,1.1979194083527707,-1.8521398171901136,-0.13183577135438462,0.7865207650018262,-1.4733174714057604,-0.07526377292516276,0.8842992102526932,-1.8483508489424112,-0.2754340340885584,0.7692589085895437,-1.258993077734731,-0.32125255644837064,0.7111899257147972,-1.1698337731892146,-0.32732747397356277,0.4441180426787237,-1.5169016429588997,-0.05343078283155887,0.5340140284838296,-1.7758084668487335,-0.2640505742886086,0.47100135276165694,-1.1096975479783955,-0.25878270639954015,0.4422706334784113,-1.1708526036715456,-0.21083776019092895,0.11781479404664719,-1.4805784217334126,-0.07547389263471425,0.18435696283988734,-1.6734368004299924,-0.31774085724792317,0.16568871493202444,-1.0441752607822066,-0.20998333531277502,0.1531637820857872,-1.0875908035023822,-0.08737063427640733,-0.2118963186674491,-1.4298607850522527,-0.11096872284127712,-0.14841574673555735,-1.5141774539227242,-0.2523418320225793,-0.11580070808356582,-1.0556885707899082,-0.16136591969203268,-0.13055535556976394,-1.0331001154535682,-0.05972200005775985,A
0.0,0.0,0.0,0.4961962623402346,-0.13365048991570969,-0.2103027615142184,0.97043818857859,-0.7908908064486885,-0.24499828645137742,1.1166821126233246,-1.3876053186773802,-0.25161325857753775,1.166498175877705,-1.8219239932156752,-0.19610391885807207,0.7667160827720327,-1.5088888004082373,-0.10099007016985578,0.8790547091608748,-1.796475365966248,-0.29363691271290754,0.7695016518810598,-1.2220053624896068,-0.33456584967167,0.7009493570200288,-1.184087113997402,-0.3481842366117011,0.412576631161706,-1.5892987186902485,-0.0760587914218938,0.5248122028295333,-1.7442375167680224,-0.29766274538934634,0.46372430863262626,-1.0776844395390062,-0.3006597423001123,0.4262968950545116,-1.169801226907256,-0.2579433580106075,0.08365982251972433,-1.548491404704912,-0.09416310896177958,0.16393900852707682,-1.564395987020139,-0.3239133776024417,0.16231354113461513,-0.9817516830726126,-0.23056606165739033,0.1329778370295438,-1.084747515675293,-0.12781502082237736,-0.23251029490098052,-1.4832885354978884,-0.1308442591387179,-0.1679435677646776,-1.3457262355934911,-0.26902146448025527,-0.1162645695964116,-0.9345187600109803,-0.20924954226544826,-0.13349252175049717,-0.9986226242288972,-0.13673146250559826,A
0.0,0.0,0.0,0.4952812650506596,-0.13285070417744968,-0.15762531896712792,0.9743883218207016,-0.726734905355401,-0.17722116506622704,1.1262486633084898,-1.3117779942138688,-0.18230467436773917,1.1897211695430476,-1.7308676284490006,-0.13818717538865694,0.7965430345278869,-1.3692933472747322,-0.07869048466334086,0.9214571104953857,-1.7503316248997056,-0.2666863933240739,0.8138977623097651,-1.1998989771399964,-0.3065811004377093,0.7560277159844865,-1.0879432564262987,-0.30925559024862487,0.4679140252013926,-1.4318118621672589,-0.07818332052252135,0.5700914160856394,-1.7007545285761778,-0.27879127808867216,0.5012750600905127,-1.0715224890996184,-0.26972435009069035,0.46141620093593577,-1.075253282485517,-0.22377451352457084,0.14263457100000895,-1.4073131104536247,-0.11553391162069268,0.21925027034654568,-1.5872613151584656,-0.3444719860306852,0.1851383214802822,-0.9819709081771912,-0.22957850369772242,0.15468388226760005,-0.9713169191729193,-0.1070342811372151,-0.1997522376734977,-1.3550741861195985,-0.16350525958618936,-0.12524466702661857,-1.4402911157018337,-0.2938276342855116,-0.10173264005545081,-1.003567298385588,-0.19429397440119942,-0.1252752833414533,-0.9584945459557511,-0.09100576498776256,A
0.0,0.0,0.0,0.5096756218116204,-0.1567441206311429,-0.15760932599705474,0.957393684781757,-0.7192921194834364,-0.19017021694907693,1.0943729386513734,-1.3023195608995881,-0.20885829013520688,1.1601999965500198,-1.7215223683856673,-0.1794152449323273,0.7641393954243322,-1.3666584548010643,-0.09991533947903004,0.8619192293606355,-1.7617987157921322,-0.284821870664035,0.7799301768093034,-1.218440553705076,-0.32327170661827365,0.7295238555901419,-1.0958305252702483,-0.32691620875648153,0.4333128068666558,-1.4216932562443785,-0.10076178022526111,0.5222830449275501,-1.7119598289147786,-0.2922326001725188,0.4826054882826739,-1.0787874346977617,-0.28109936699711796,0.4509510851338619,-1.0903080949417885,-0.2413117707424523,0.1079661908764938,-1.388556337149164,-0.1366027036256333,0.19544670685724747,-1.6035869783829921,-0.36478293215902174,0.19125371082334128,-1.0131401406218334,-0.25748805593738283,0.16501598312136836,-1.0155617910786865,-0.1436936000868585,-0.23169940237265918,-1.3271166461349901,-0.1820221855374342,-0.1394334293084781,-1.4314452975565504,-0.31899615653197894,-0.09986747035636181,-1.02383190072557,-0.2300042513797765,-0.13393437022457538,-0.9925611755082363,-0.13610870611633186,A
0.0,0.0,0.0,0.527514776605283,-0.2135517474241079,-0.11646598145255467,0.9591642336589593,-0.8222784920970673,-0.12182664791348743,1.098180321096828,-1.390268371141854,-0.12505018108180566,1.1640271083171874,-1.792911332589043,-0.08011260854838159,0.7740239542001177,-1.4426325176407018,-0.01758996436551198,0.8923524242435168,-1.8211685341288075,-0.1927334580634532,0.8120812365040591,-1.2622994738413056,-0.24060597229836153,0.7607190871689464,-1.1770067915180946,-0.2544828494405997,0.4512973677137326,-1.4761262072905539,-0.03490115189285638,0.5619636937565355,-1.7851661785594863,-0.2159702822267128,0.517742855585444,-1.151557483789804,-0.21275474550753393,0.46254192092875823,-1.1782450856669238,-0.17901923405318257,0.12930513838620414,-1.4291501217865323,-0.08677916019665827,0.23161830478910012,-1.681359321369986,-0.3061744830886714,0.22559946552111096,-1.0814054389612353,-0.20171182524449097,0.17449467176251,-1.0833193221068254,-0.08982855442424517,-0.21445628738570074,-1.3602892624526792,-0.14457972899039065,-0.09992228167496083,-1.5183004442166554,-0.2674562426116577,-0.05167925254308847,-1.1058285076589263,-0.16706670813540778,-0.09631024351214112,-1.051465264179449,-0.065750664505719,A
0.0,0.0,0.0,0.5341095892454472,-0.18958785323935737,-0.11895677362008947,0.9583482768229573,-0.7193024421409416,-0.13574347772682582,1.07724532757515,-1.2845839130803691,-0.14935173075638736,1.1186874643778366,-1.690615999313499,-0.12449989886605586,0.7414690027458883,-1.361192213026912,-0.05411302743240615,0.8469278896513304,-1.7142774819416953,-0.22238700279021834,0.7762966376293774,-1.2047986104823756,-0.2819298775179095,0.7275852371422077,-1.0972085209672575,-0.30720371466002105,0.41266888290777637,-1.3918483818251168,-0.06702482603723312,0.5098540687253591,-1.6677087247939713,-0.22112117037990664,0.4883944865497749,-1.0981481275686054,-0.22166671351179676,0.44423796327119947,-1.0945346170736312,-0.2075387689993441,0.09429068118583162,-1.3372895950174144,-0.11016765298849981,0.19782928560222507,-1.5957312802357757,-0.3049142669563662,0.2050099569690036,-1.050221737154869,-0.208006335490672,0.1543295775532524,-1.0004621898095614,-0.11338873178476871,-0.24718019354832024,-1.254577519062678,-0.15997177151020217,-0.12446487257347924,-1.4362545476943094,-0.2729912756846966,-0.057452998087408017,-1.0684447662137904,-0.180215501130206,-0.09027146481209877,-0.9759778546940778,-0.09069622763146376,A
0.0,0.0,0.0,0.5182427381861716,-0.15307603044613294,-0.0969050186544864,0.9418493698173259,-0.6800425741349709,-0.1073105193993918,1.0957983317764162,-1.2272363356033396,-0.11650616203283536,1.161907311969335,-1.5999343589725257,-0.08793115464550406,0.7385665198364069,-1.290048148444556,-0.06873352149160179,0.8584752850103432,-1.7105414965220036,-0.2341243643864431,0.7742964503233679,-1.18379637096446,-0.2760524529670824,0.7284053904145752,-1.0708207825486624,-0.28827394611006635,0.4166114715703204,-1.3129823147934583,-0.09467330768874804,0.536410044206132,-1.6567310366388555,-0.2681494312195849,0.4933044450501249,-1.0674426925517746,-0.2682952211127992,0.43808834160252236,-1.046669333005163,-0.24349180622605482,0.09623871928136957,-1.264335408376501,-0.14572802867363227,0.2136802046563557,-1.5619155228577037,-0.3581159998396838,0.20966747451020537,-0.993165690470356,-0.2584952735610477,0.16121788160682787,-0.9444061810535025,-0.15324009289157792,-0.24834677715041262,-1.1949309825902878,-0.19894438505704112,-0.12852754341370265,-1.4037892306486393,-0.3226013752416681,-0.06951702878610956,-1.0109197744723484,-0.2250607483399383,-0.10321631740643986,-0.9151510952364174,-0.1285155345399291,A
0.0,0.0,0.0,0.5358989465191768,-0.12786841297993143,-0.10419769686252708,0.9831192357507142,-0.6970063699325092,-0.10091926301424789,1.1417431480791627,-1.2688165421488684,-0.09865345399227429,1.191952407366128,-1.67250359776166,-0.06218854433865961,0.7755934559138806,-1.3664451104604447,-0.01833546707185462,0.9379077656192065,-1.6951604060236591,-0.18715359866502576,0.8322014277713814,-1.1806059532701905,-0.24889947765864678,0.7633580410447447,-1.053543635315333,-0.2724050701383643,0.45339665905215404,-1.4041424622335417,-0.038271017174392914,0.5986168315082041,-1.6449728887399144,-0.2184214708818975,0.5353156044704974,-1.074522617291046,-0.2360723880155404,0.46671137977928967,-1.0269051688785926,-0.21769998506747074,0.1306341598802102,-1.3670419899828277,-0.08926554287809912,0.25953142086160996,-1.5692828221310984,-0.310113241634762,0.2417977405364614,-1.004638075768665,-0.23099475853221746,0.17908600894457202,-0.9329772536057905,-0.13546139630696463,-0.2142555451733915,-1.2995388131528405,-0.14372487024100639,-0.06313180350317465,-1.4342100117820336,-0.2771339558388929,-0.023780008352916136,-1.0208695067391975,-0.19342871769012943,-0.06780346261032014,-0.9177073934946844,-0.10276257722481313,A
0.0,0.0,0.0,0.5430380149371841,-0.09460431620000155,-0.1534505680652972,1.0163287948455546,-0.6340915121472461,-0.1643648928797178,1.1775614138138735,-1.2267529078249877,-0.1660931981833975,1.2164240288418486,-1.6675969051190491,-0.13435089989928944,0.7840231699307759,-1.2933344715507846,-0.0335513783855238,0.935057689352239,-1.6339447945043584,-0.2042680695478437,0.838287198296965,-1.1663440436089767,-0.268665523996103,0.7847539168840276,-1.02870115869735,-0.29177859846651455,0.4646898972568754,-1.3324060640284905,-0.02927290040716855,0.5993814812816607,-1.6130479483590339,-0.22198177342594025,0.535928287507638,-1.0697987089027672,-0.2482504776082019,0.4761499509517821,-0.9741737738031133,-0.2269836234057132,0.14128808081434777,-1.299637051669113,-0.06099092507570682,0.26771808965978133,-1.544460650529693,-0.30266090254267,0.25210680004409597,-0.9850338599810514,-0.23231695824744802,0.1989869793919161,-0.8675808931966281,-0.13080350769011162,-0.21192021175395634,-1.2320627327036278,-0.09944943979119372,-0.05328655319809404,-1.4006405719695763,-0.2555344371776242,-0.0184178792362615,-0.9937691173797927,-0.18234974780767654,-0.06316826538019638,-0.8684747773848308,-0.09109859978183601,A
0.0,0.0,0.0,0.5710555700515725,-0.12464823029090544,-0.16070797123096625,1.030142688318286,-0.7381590039457154,-0.18509056420749492,1.1742037732666857,-1.3516079055505197,-0.19640237476518785,1.2462787239058093,-1.7664325575920492,-0.1681664379162659,0.7387971842034375,-1.4052010760911084,-0.07089305799406555,0.9274241080093082,-1.7285079847473077,-0.26217133479965316,0.846372720437878,-1.1677581027668782,-0.3343341973888606,0.7786303102036027,-1.058274013377014,-0.3662764852131482,0.40834405377155747,-1.4266502197492,-0.06829078318925619,0.5855061865049651,-1.6893878842266459,-0.2661915523311097,0.5431911929505312,-1.0822554203720403,-0.2823032649254115,0.4689068113644231,-1.0332437753407588,-0.26499078548966465,0.08829391019913611,-1.3787188407522954,-0.10229368471121988,0.25692618249019894,-1.5977264380154954,-0.3327073117514073,0.24325046356631563,-1.0157584346282063,-0.23046864524159305,0.16265563184775159,-0.9437912611084478,-0.12332898107112426,-0.2540775733492018,-1.3123695495794432,-0.14560599864226714,-0.07723877197388952,-1.457462500652135,-0.27813669379986344,-0.05410161908055659,-1.030962492980864,-0.18121442372796745,-0.12959500048250566,-0.9273422772334939,-0.08540760474106303,A
0.0,0.0,0.0,0.507978018359378,-0.2747034430109469,-0.17710135897862073,0.8824714970328729,-1.0541011381801204,-0.17886220375616238,1.0056601552779991,-1.6798003467091884,-0.17682414051619197,0.959732999527445,-2.102277507940833,-0.13788340832347643,0.5661924051366056,-1.7395069209355758,0.026475513792549813,0.6861794310778178,-2.0835075278896498,-0.19803985606865196,0.705144412897925,-1.5643375737654637,-0.3256284238769202,0.6808545050562962,-1.3626474561255404,-0.37554453819712164,0.25938096705927827,-1.6922094538414396,0.03715592386797483,0.3707471131672597,-1.972436533915611,-0.17664821500727115,0.40857904602690087,-1.4147468417794367,-0.2285893769942115,0.3736207397783366,-1.2271487813209587,-0.21760913472583063,-0.04376835899349587,-1.5709549164022198,-0.004874315853467434,0.04361097984846732,-1.8393298101570186,-0.22675340288365275,0.09747385976046116,-1.296734738644694,-0.14188345331332536,0.06538971001908502,-1.0745440002543847,-0.0326485928326598,-0.3685623515007523,-1.3965088774239056,-0.06618454821368953,-0.24486923215775672,-1.6371060871331096,-0.18274081146065077,-0.19286390306359985,-1.2462446474805342,-0.0888601523914057,-0.2113768835008473,-1.0561587247799382,0.015137066927759539,A
0.0,0.0,0.0,0.44589231289983194,0.03985196654210924,-0.25554273317671955,1.060830392636317,-0.4008354345089687,-0.32374066865718804,1.3665940970759167,-0.9333636261043237,-0.3527265944303416,1.5289452558296743,-1.3266660903548027,-0.3296745869190534,0.9003675649945141,-1.3068076983539747,-0.1616052211056769,1.1374255113314211,-1.5149726809168715,-0.38055537973959147,0.9270161913639557,-0.9597061715512052,-0.45237616890007337,0.8675251204079467,-0.9054311496418853,-0.4772950732178078,0.5838841155217649,-1.441103103385392,-0.10836124209700236,0.7861874755990473,-1.588980513319269,-0.3416581158868508,0.6038801863315488,-0.9883191692116066,-0.33859320221976946,0.5567183775309592,-0.968589815090302,-0.29481098093309016,0.2600474271227195,-1.4882798897969978,-0.10185541431962265,0.40731401935605466,-1.62715767571673,-0.33536005445715616,0.2809817108482051,-1.0403348761053417,-0.20385672574599292,0.2335988862748008,-0.9633050226494619,-0.0757827178981396,-0.07653789654019662,-1.5154085678015712,-0.11532999566743064,0.03175330343678015,-1.5716679311498725,-0.22234481035433698,-0.03666231145763889,-1.1394198378444131,-0.11595185455558049,-0.06471307264297378,-1.0524970802917353,-0.014842327550987945,A
0.0,0.0,0.0,0.4408745397513015,0.17930314272236336,-0.16537773883209006,1.031909904426253,-0.14803847191853362,-0.18626036349058658,1.335338562604617,-0.5959273936780448,-0.185262225967774,1.5240550528534378,-0.8788924072713562,-0.14392630971984235,0.9830719945019261,-0.8947633609130968,-0.09683109857549252,1.1962798773928573,-1.085912549913474,-0.27015566928847284,0.9718562270567852,-0.6516358755106866,-0.3281531951231926,0.9106808309081368,-0.6010086838743333,-0.3515206053086241,0.6808687404093338,-1.086122761219987,-0.07986311577434492,0.8653959181678813,-1.2430639660386846,-0.2646895539174655,0.6685884231383038,-0.7243093330042697,-0.2614362276869252,0.6308750233858511,-0.6984114420765198,-0.22513511857135762,0.37404722913344807,-1.1874126531593343,-0.09674589996847142,0.5307118214390142,-1.3097002400300108,-0.29076090468175536,0.3854824401384287,-0.7953426451857175,-0.1741799933021189,0.34168889139708386,-0.7408528207921857,-0.06363087254599326,0.06250555080101018,-1.2843122535552218,-0.12527548243492398,0.1909972119071549,-1.328309266956418,-0.21789010777331633,0.11008751918625448,-0.9276017758224436,-0.11007609754748453,0.07329059811979904,-0.846045825368682,-0.011542149045408064,A
0.0,0.0,0.0,0.4487917760747276,0.14622668130827152,-0.13085418928366613,0.9954108189298895,-0.0593209907073985,-0.15949868428571423,1.2956176695048793,-0.44432699140564075,-0.1759032521167263,1.5257329754212168,-0.6804879164569491,-0.16020354970685713,1.0014584652088645,-0.6829343414125948,-0.08344420579557175,1.2224022959358691,-0.9247165367873438,-0.24218616272308557,1.0069719590427524,-0.5497283439001567,-0.29603202752009095,0.9210575418598969,-0.471569103962418,-0.3144533819163326,0.7359806457125562,-0.9033166532504567,-0.0870214656432898,0.9221228060340649,-1.1069361734608691,-0.2321251936376092,0.7245337013785924,-0.6621615210876507,-0.23000993221755414,0.6615189164383428,-0.6368823596415352,-0.20781078380879045,0.447201819460825,-1.0451609870791425,-0.11891823869087373,0.6129407753808085,-1.2180111641655988,-0.2921965021356181,0.44595749089962583,-0.7658718976253918,-0.19131038063337502,0.38130984146405306,-0.7248479086992319,-0.09558626519917947,0.13067781108195933,-1.1689522521217528,-0.15779232526219975,0.27830896532775595,-1.2707973183183643,-0.25104716813853645,0.1953328933788806,-0.9070878168127986,-0.14790732705753984,0.13118594851232684,-0.8310739709460929,-0.05288019018734614,A
0.0,0.0,0.0,0.504694094450096,0.005034709401511264,-0.15725015960585262,1.0209075630227136,-0.41698426484517936,-0.18600255797684284,1.277158901008547,-0.9203120880872668,-0.20512288309329282,1.4600554794042067,-1.2604880012962294,-0.18746828945919683,0.9165281999766874,-1.063306715853039,-0.0572703072635457,1.104896352992619,-1.3098120997443456,-0.2441787275816461,0.950912122765231,-0.8692275491876317,-0.3114129977717065,0.869285615713972,-0.7939091163037479,-0.3374717177381513,0.6126175650096962,-1.1986696942186774,-0.05748138015419229,0.7776662010473391,-1.3869538215553165,-0.24747714110564245,0.639481531069361,-0.8496215573527099,-0.2586626113537193,0.573289448287172,-0.8469129246828331,-0.2340488512776692,0.28929733969393445,-1.2512455181418538,-0.09635145979122857,0.4297882754710309,-1.4071807836542782,-0.33303526434184677,0.3387570405594456,-0.8711317896837935,-0.24980716721498755,0.2830890033247439,-0.8537340336888155,-0.148866239143791,-0.05688811742345326,-1.275741053062436,-0.14289930581866545,0.08469890943026796,-1.34368264612648,-0.29093876193208296,0.07285914470946843,-0.9450029997905942,-0.2131814495499536,0.026407973043991985,-0.8951948997670409,-0.12527435386538693,A
0.0,0.0,0.0,0.48402624296883934,-0.021645043294274875,-0.14414555664420217,0.892232183573183,-0.7117997482053138,-0.1360374808076873,0.9836062936440485,-1.364109412879942,-0.11145586415299534,1.0326992907757124,-1.7794408198642568,-0.05238684917286185,0.6624364668450858,-1.2731118638459595,-0.07580785194249329,0.7061457563997822,-1.6926638377828631,-0.25707646376678683,0.6657763139509583,-1.192330993048729,-0.3143565063078137,0.6447715556253204,-0.9798524918094773,-0.32110502213327885,0.3305526913111881,-1.2716354690489127,-0.057697757956168064,0.37871215820681653,-1.5795183987041341,-0.22629222998491577,0.3799727192388208,-1.010802332083941,-0.21762935804756656,0.35015289008984635,-0.9043296989053063,-0.17894213970819714,0.011175465615505016,-1.187030601241246,-0.07575959788431803,0.06081034326365892,-1.460971539247051,-0.28438599534148895,0.1006821871994591,-0.9012676803693292,-0.18158659535223007,0.07899515800560146,-0.7787951393012581,-0.07166135484107264,-0.32009098598859,-1.0887376741399182,-0.10122364621317528,-0.2518596349736782,-1.2794343498964105,-0.22727848860656003,-0.19243318632204792,-0.8640458683298503,-0.13904502837921545,-0.2074169042356455,-0.7437090318882116,-0.04734687039733687,A
0.0,0.0,0.0,0.4593117530669878,-0.2531036166019553,-0.16576939730159831,0.7374923618687381,-1.0098362924188036,-0.1863522685716354,0.7492401914931355,-1.632346733686539,-0.19079043928008857,0.7573852312789674,-2.0568645835658823,-0.1623751474627956,0.38749219480254393,-1.5633330418221232,-0.08539893600260752,0.4616872624971433,-1.899250769006788,-0.2622286661691887,0.4892374337940153,-1.375486497520617,-0.3334940635304942,0.4579422412061234,-1.1773205424734394,-0.3594419563110769,0.07689014006621354,-1.4742607473314209,-0.07027459254972387,0.1436516304549621,-1.706100456573737,-0.23978060947866078,0.23007890827834748,-1.1453911074859764,-0.2486725169987327,0.1996505339843836,-1.0156937254747094,-0.2276303884569897,-0.20396387064980276,-1.2944008348247082,-0.09124236719610689,-0.14568834822798377,-1.4955344216577524,-0.2995539305797127,-0.010431425644921503,-0.9601456285016722,-0.21309975544571028,-0.0178390594454963,-0.8189442858156023,-0.1176472567297372,-0.48430053734884443,-1.074830572271692,-0.12204275418723268,-0.4021075448042136,-1.226585427686335,-0.25961716622155556,-0.2617116716525367,-0.8413982370231378,-0.18216905003083955,-0.25226213137788506,-0.7076142951043348,-0.09661665969456727,A
0.0,0.0,0.0,0.46444585427933716,-0.30262377011337926,-0.19029653812111827,0.7641017771807318,-1.1417629289186695,-0.22015625762776156,0.7725004497924114,-1.8064364882428159,-0.22788463730703704,0.7340441344901008,-2.2536220771687856,-0.20241761923898918,0.2416293367042338,-1.7526479262009769,-0.09613501876254622,0.440292481399303,-2.016668633996769,-0.2939146426651354,0.5007970169443186,-1.4445165479061721,-0.3840320403323842,0.45701126508923123,-1.2709880541124805,-0.42631863802004516,-0.061020077079491745,-1.631777301284954,-0.07489297140635263,0.13570911982940406,-1.8082487397668257,-0.2832085214675423,0.23757748856021227,-1.2162517138729874,-0.3109700736430129,0.17958647739705783,-1.0591909033208622,-0.29299078497211795,-0.3155701179055447,-1.4181281735146853,-0.09380085184380076,-0.1468420302630928,-1.5402459998312494,-0.31504782485867033,0.0029401283313212814,-0.9967261834020935,-0.2359876665631925,-0.03019015969230492,-0.8289878228515616,-0.14332610736891097,-0.5555123086220246,-1.1496365733201377,-0.1268352725622451,-0.37660931656581487,-1.226981440587937,-0.2536013847023445,-0.2380595302709991,-0.8402609582109589,-0.18569852056178063,-0.24339697120642723,-0.7081056360494867,-0.10953187248014486,A
0.0,0.0,0.0,0.4955260278752403,-0.058021472993925495,-0.1726038681711433,0.9700154329376294,-0.5905048790357345,-0.18878333037725048,1.1695796649625592,-1.1299476692995498,-0.18903778991160813,1.2881627601653234,-1.5230004804571815,-0.1526782895344103,0.8297120955294756,-1.1959715955293926,-0.0738941321854342,0.9618513285847795,-1.536556329130621,-0.2712116278582708,0.8282465358503794,-1.0968557481634624,-0.3473268564059154,0.764802087193058,-0.9284907600647376,-0.36878018630195086,0.5008370912269137,-1.2878961370350694,-0.056970205496767186,0.5822702149824703,-1.5633348921542327,-0.26895763943655904,0.5028249083607154,-1.0222460944528846,-0.284680560138449,0.47764984344692774,-0.8760093802697317,-0.24947593264472204,0.1719950533417583,-1.2975093178583121,-0.07915083438471995,0.20325907338637642,-1.5343513384926755,-0.3219650179408775,0.16980032856186475,-0.9684706381851171,-0.23526670186839424,0.16198569715143551,-0.793972739732353,-0.12116551220581379,-0.16721145266859158,-1.264532779183148,-0.11187838081788697,-0.12384094960002688,-1.424873625613451,-0.2674746928640719,-0.11645921930238512,-1.0040737906261121,-0.1897384889447435,-0.1166253526953687,-0.8418437371351273,-0.09187353096035045,A
0.0,0.0,0.0,0.5061544795718421,-0.06609630352261428,-0.1507753714177629,0.9888239705751414,-0.5427999526419798,-0.17566504893694565,1.1919115055467455,-1.0759685708616784,-0.19050419625906637,1.3280975717597197,-1.4468673209998348,-0.16200711854391595,0.8673150555036425,-1.1590910686067235,-0.05600628993522592,1.0036262932598892,-1.5314174044924085,-0.25103213841480626,0.8747545989668368,-1.0711624991807431,-0.3105118763082907,0.8224661201924898,-0.96030834627549,-0.3238798104442451,0.5484034558480195,-1.2518663833043597,-0.05548775535987021,0.6571222452404665,-1.5439379960245052,-0.25406717239488325,0.5646058666414993,-0.9868934071846232,-0.2506296274052327,0.5338726723463891,-0.9573666717917182,-0.20844991438719612,0.22111252363657757,-1.2623066066012436,-0.09394075062817608,0.32322786964549227,-1.4922097816406408,-0.31859815134646513,0.2665999197485412,-0.9420456176084202,-0.2116252650944141,0.23857037350136903,-0.9044314256381738,-0.09341153744504548,-0.12600893230395224,-1.2354872428948638,-0.14244169818990682,-0.03093699189931686,-1.3438620253686144,-0.26685432632390893,-0.019851719825660294,-0.9436187116945813,-0.1720949209310657,-0.03786797226164096,-0.8803781525344991,-0.07255114121290004,A
0.0,0.0,0.0,0.5079038307358235,-0.017368004487300526,-0.12803064429295818,1.0085476530729873,-0.4176119213411545,-0.15328180199927627,1.2029251731250061,-0.9512099508517399,-0.17285342712748822,1.3774989511515523,-1.2814427776113158,-0.15667894190126122,0.8860033058472899,-1.0858782288779036,-0.06724212704261287,1.0393405365497468,-1.4849908180250744,-0.2508571153820885,0.9192769282146708,-1.0377447193590401,-0.3084198637024295,0.8557520120737855,-0.8801339336477494,-0.32019349988439755,0.5714233970655783,-1.1979360022037946,-0.07761205244109085,0.7078398045522776,-1.5260153726360177,-0.2569980298333409,0.6144695508942498,-0.9806502761968375,-0.25793566290762815,0.564850052660238,-0.9163357908720668,-0.22532996052618706,0.25095995481956945,-1.2213760423240443,-0.12008305731929711,0.3751212037857225,-1.4903349646495232,-0.33953652876311496,0.3190986110182245,-0.9507375939984071,-0.24684851370316993,0.2774981649738375,-0.8839559016582271,-0.1388132771340867,-0.10126216915961363,-1.2088458405724434,-0.1681670909194165,0.0249600158708143,-1.3804287594823508,-0.29932616820199537,0.0415884876430368,-0.9971081834024335,-0.21266209948009615,0.0037999393764115573,-0.9146603559039496,-0.11859157127984395,A
0.0,0.0,0.0,0.5726527567611233,-0.08998645379881066,-0.20026940024120873,1.0679179744200542,-0.6952738954467241,-0.2505925007097561,1.3536686304549126,-1.1998946709909484,-0.2937493510012231,1.5700174414398085,-1.523692676382963,-0.3051140301052108,0.7655760217798852,-1.554233402633175,-0.07328105314397175,1.0190586915039368,-1.7422792603115074,-0.32031239305329723,0.9271116747453516,-1.2321180060291845,-0.4536805349056633,0.8633332853816812,-1.0668584369313547,-0.5114327234068063,0.44555104892006125,-1.5858282710099842,-0.06638025129394125,0.7216015880829589,-1.6838817213864967,-0.2998408078381424,0.6313676918153212,-1.1506692476397542,-0.34376219489302023,0.5536127099492693,-1.0401949295159976,-0.33450356747859855,0.12109443725763462,-1.5222526728425707,-0.10982813137070148,0.37390101229618417,-1.5776879719264798,-0.3498215586277796,0.318352782702066,-1.0827974528632012,-0.2693790352704179,0.24192357153741403,-0.9434121799380484,-0.16882222990194837,-0.21881579379440533,-1.4080216943198989,-0.17123456141430132,0.02131540124324907,-1.4612739182690582,-0.3011709971550571,0.01465901278483094,-1.1093515646607612,-0.21334913007344758,-0.03455208494974677,-0.975732259400187,-0.11771518564553193,A
0.0,0.0,0.0,0.45910649317098307,-0.15999724345159327,-0.19168861854615968,0.9107349952182668,-0.6875587627531243,-0.2375654184001968,1.1289739527212874,-1.2177362107524239,-0.2609831549288631,1.2556095444998556,-1.6008878261149415,-0.2255025008801348,0.8018356507190232,-1.37231692863019,-0.052082232214033415,0.8329982529345099,-1.7114939754242942,-0.2468794094450792,0.719170958604664,-1.182112679637359,-0.30923602886830315,0.7201514732533016,-1.1070851173665668,-0.3316065607708657,0.46236493871755474,-1.4554197490549632,-0.026058047378736255,0.48966984103307726,-1.7325235228401326,-0.21039435465263223,0.4233230589810078,-1.1157620758100766,-0.1858714180590054,0.4483197619389095,-1.1511364271812563,-0.1305278230326336,0.1303202416968893,-1.4355605820803425,-0.04781229175350398,0.13295634936778222,-1.6417578902423613,-0.2314165642600616,0.1112070852438389,-1.0862543022618025,-0.09683563557587727,0.14686913985305047,-1.1212152904259483,0.0254832467679927,-0.19740814239825644,-1.3828121348490185,-0.08952141707449152,-0.23277301576690806,-1.4503832608083127,-0.1752189075724111,-0.21186010893056942,-1.0600980727042881,-0.07089520255576268,-0.18382631764643073,-1.0562393027072643,0.028065097173909103,A
0.0,0.0,0.0,0.5438009052300923,-0.05014876753883233,-0.18524792269647225,1.0141312797744226,-0.4742271439971015,-0.23285434727060705,1.2646250588743306,-0.9390355063799319,-0.2827129570400576,1.4277544439145036,-1.2718958233485715,-0.3182770916075312,0.9986865005003994,-1.1232140225916363,-0.023924194273280137,1.1064990561819406,-1.3892374074721263,-0.2501113433141312,0.9225385468551712,-1.1008369559460909,-0.4149710198495551,0.786060987037004,-0.8592919588263926,-0.49799555029827625,0.6666736196738323,-1.2686132862217956,-0.014774536494150604,0.7573849305868198,-1.4428941793343213,-0.2671540280900665,0.5589240621795728,-1.106754364625134,-0.3986426081065564,0.3889673867466804,-0.8897427405261797,-0.43855582805916915,0.34805034041514704,-1.323660991745286,-0.0483436313249002,0.4131003897087796,-1.4507498875036282,-0.30250319515883367,0.2728564777378277,-1.1127878225965382,-0.31522758560443326,0.15055737836775657,-0.907630910020075,-0.2608111744159935,0.021075656724070916,-1.320463281125069,-0.09720289608319316,0.11615663795619967,-1.4025698133173448,-0.26178315631647464,0.025731996426127172,-1.1521130594678564,-0.2375605950760744,-0.04309670071912364,-0.9907357424344921,-0.1752274634936386,A
0.0,0.0,0.0,0.5634660504844915,-0.11076007817367849,-0.1965651773379333,1.0999060373615237,-0.666221561078441,-0.24780199656663404,1.3597168382370923,-1.22946675089722,-0.2919408546282912,1.460023646364689,-1.644776856337957,-0.29463579269298423,0.9243929094540936,-1.567420322300953,-0.037017776710288705,1.1220635487515491,-1.7639492184369334,-0.2896821850753217,1.0294150756204183,-1.1973976448418726,-0.4094947382621883,1.0075409391125278,-1.0586061233273898,-0.4533419348731873,0.6093854903244859,-1.6323327489381114,-0.031818467505664264,0.777454617691756,-1.728631434035848,-0.2809587254745277,0.694037296024117,-1.1455984338111043,-0.3078887207033845,0.6616240182937401,-1.0618589234895952,-0.2773604441018526,0.2794491954345897,-1.5976328935224335,-0.08062744828040416,0.44968296341666636,-1.6655092496843722,-0.3380530537915197,0.38718248638235964,-1.116099280323193,-0.2355172016668131,0.33778423344386316,-1.0024621742552555,-0.11255708344442494,-0.06828132462986276,-1.5210650003695292,-0.14859308363106108,0.11393250291476914,-1.5718316963752088,-0.27934138480253573,0.09415396659585594,-1.1772677236691118,-0.18227086810348064,0.05068322922221455,-1.0655836716373202,-0.07410519431471951,A
0.0,0.0,0.0,0.5473102938483546,0.06170609106876262,-0.20197362838285693,1.1119958559286025,-0.4829389638108461,-0.23250780509136534,1.3342040538397504,-1.095806436863871,-0.2405946948937157,1.4772635224685717,-1.4947487825072743,-0.20570088980500514,0.9388756264988224,-1.3782186502320433,-0.09561065966319239,1.1665469799644255,-1.5887309381110126,-0.3023864377854761,1.0256790980862778,-1.0136927409392436,-0.3687412294517113,0.9613572643618336,-0.9100914581056432,-0.38967090869997417,0.6246682190260686,-1.4763753386285874,-0.07643932404686853,0.8655770864411609,-1.6579065040353098,-0.2923996113826946,0.7335140486980909,-1.0276637627503915,-0.2884350727132402,0.6396587273965796,-0.9781928852915691,-0.24425033274478936,0.3038272744295303,-1.4919305861821845,-0.10172025339317421,0.5234235106533557,-1.6304398312530672,-0.3561420331888867,0.4273986009625326,-1.0092023254262572,-0.24124832979878938,0.32016140146509514,-0.9346299427559867,-0.11659954543871426,-0.05523926027717329,-1.4771335946467785,-0.13978560348634927,0.1733453689093427,-1.5423511741479252,-0.28818344497238935,0.13801875035739283,-1.0796857626783953,-0.18931703014585374,0.04671936366661069,-0.9890270782622769,-0.08625647412384316,A
0.0,0.0,0.0,0.5991696358762705,-0.004412166080476311,-0.1489933408858485,1.1037539242428471,-0.6192169248934868,-0.16238662635241186,1.3381437675009131,-1.2041110781357622,-0.17092564047665862,1.4733065282723758,-1.5967990431119443,-0.14725649713275987,0.8498433193397064,-1.4495009742571037,-0.05635627424842266,1.1464433713517994,-1.6667227667861193,-0.26059990297057395,1.0678760084545094,-1.1133858205378648,-0.3344672592698641,0.963376987343047,-1.014750433368197,-0.3586278351037026,0.5380035953286,-1.4866307810758284,-0.0639710132167359,0.8342400398305362,-1.6871384768548692,-0.2935353795981493,0.7661898945691852,-1.0671921153065873,-0.3175356274768983,0.6320165016868659,-1.0015180081233175,-0.29313643421451946,0.21630129530880207,-1.4514963722940026,-0.1084735165554076,0.5118008977076712,-1.6367136687533665,-0.3786167599317249,0.4576781790115297,-1.0235495870050246,-0.2783735110900439,0.30364115222914045,-0.9402482912998386,-0.1591166118157413,-0.14310140131908045,-1.389263576922746,-0.15849460044494235,0.18079143029958428,-1.54329801179824,-0.31692731618540265,0.17116360700111627,-1.0793474181002995,-0.21213302596611888,0.0340969054789142,-0.9594121103382014,-0.10412234128405923,A
0.0,0.0,0.0,0.6104770745081715,0.02763324629144212,-0.0701199979668081,1.1013075051075778,-0.5142055765887079,-0.051417120328372444,1.3244556977901236,-1.090918192500838,-0.05787740452724783,1.4873462003039237,-1.5192403727130275,-0.048596757748310154,1.0535076245069075,-1.3216771137571663,0.06705452362552328,1.270917796930198,-1.8093902661490329,-0.09966407585181429,1.2131855784613186,-1.4120382166705963,-0.2191555837500039,1.0483638328829148,-1.0499067281573538,-0.25927515006968826,0.7679751136321351,-1.484181690608391,0.0400382008002465,1.0020672861393902,-2.0346485356498656,-0.11606515328877776,0.9223542597968327,-1.5193574422131813,-0.18269840049794986,0.7471650007599934,-1.1223489311645058,-0.1823702526705795,0.4616429857714416,-1.5788178487170874,-0.01692722348096815,0.7090334461202891,-2.1286101312249177,-0.17820068617793003,0.6657136941841199,-1.6049211177479006,-0.13987104691630625,0.5077764425906143,-1.2052813687612889,-0.060828148847769506,0.11265073205475501,-1.6254801367266092,-0.08291891122180758,0.38072939152041174,-2.048776805878754,-0.20292893103759588,0.4171428503233783,-1.6828926343536894,-0.1515273845572522,0.3191072361429786,-1.3571548239347666,-0.0736889398935291,A
0.0,0.0,0.0,0.6452718143025687,-0.014666444916426994,-0.07010143252773351,1.1551293310228408,-0.510621815300068,-0.05072388237935657,1.3665124810921778,-1.075521770270718,-0.05963418150157282,1.5110465996118096,-1.499056412897018,-0.052942799879887134,1.0914458705221535,-1.2880732053120292,0.1003495984205975,1.2813696193028858,-1.810590175492893,-0.0953656708699458,1.1909971759083433,-1.4367106771063656,-0.23861190584354275,1.0351627613496512,-1.0582154623231221,-0.2894777960875003,0.8034468427130386,-1.451775042553226,0.07066538777644021,1.010264420842747,-1.9598500047022063,-0.1256407785898868,0.876918986506078,-1.466358587359146,-0.20795054173981423,0.7133137986620088,-1.0751464956241303,-0.20499673245173597,0.502414299969093,-1.5613706062065995,0.005019784100452064,0.7239719221377271,-2.0517963370240326,-0.18724373697272376,0.6126447571517151,-1.5492182587878405,-0.14775744127292265,0.46637580217318086,-1.1765082585456361,-0.057826188222590405,0.16428860826727318,-1.6215698357212953,-0.0704116634443244,0.3934528210634024,-1.9790670590992925,-0.19650671224722682,0.35264574715481495,-1.6003486206038546,-0.1354114159435494,0.2563950793391523,-1.302473156702485,-0.045248876639787446,A
0.0,0.0,0.0,0.603906001068519,-0.09172177378250392,-0.2391756216478491,1.160753047303317,-0.7799129576407724,-0.28597024531747495,1.4600672437999855,-1.4413826445357438,-0.3299945224773384,1.6939849186267861,-1.9051286964211236,-0.3147344555469693,1.0547096100640612,-1.6519910251121648,0.010198942455667314,1.2547105923523971,-2.11194135678463,-0.30559521018856106,1.0426915970774249,-1.5159398889682647,-0.45063864382133223,0.9517529796057558,-1.270848448748848,-0.48847254974092097,0.7543331040320024,-1.767154033346928,0.032835308698039765,0.9236433529300798,-2.1770795132360266,-0.31094536416252566,0.7318956333020806,-1.5028192631691366,-0.3623642585732676,0.6699291326360591,-1.281344270596115,-0.30450262016471685,0.42830165302225814,-1.8133008613830894,-0.013308356558337517,0.5639943021224662,-2.206864059259035,-0.3464006608196529,0.4386400799663185,-1.5562597116255978,-0.23479794332584072,0.39356701608114475,-1.3083334661683703,-0.06404364391840586,0.07490173139048295,-1.8285444092729097,-0.08363827527041034,0.228261640191887,-2.110341953051235,-0.26251837822434865,0.18106098752077776,-1.6515082342769913,-0.1640857375900556,0.1516608074878105,-1.4170373439413453,-0.02936849076957368,A
0.0,0.0,0.0,0.5482725585672397,-0.11639909758500991,-0.18848840444043488,1.0195289137354209,-0.7433262793144063,-0.21770836143711778,1.2110807614314945,-1.360253998377453,-0.23631185084093986,1.3758836917124986,-1.8131045709605136,-0.22286016356728772,0.8355697512314655,-1.4597485505411794,-0.020330046595160817,0.9424451327012584,-1.842653229797945,-0.23689219490040705,0.8127883167733561,-1.3406612146317294,-0.35011556599574495,0.7432110594465539,-1.0041522986438403,-0.3863762678498334,0.5063406359851627,-1.5409123312947501,0.003670082208483847,0.5619073601140129,-1.8843763374875504,-0.22538621556747795,0.4673723305905747,-1.2855303662493003,-0.27101226957251917,0.4318950858254631,-0.954086056124286,-0.24190586412082207,0.1767942437420462,-1.5369424831205614,-0.018385352318964338,0.21218566491057558,-1.8574662474127577,-0.2640733346460001,0.17733199277338685,-1.276315479926509,-0.19396631089600394,0.16307463226321736,-0.9612016432125693,-0.07952790448050029,-0.16378318376728357,-1.469888912576721,-0.05483923909765518,-0.10293476062278673,-1.734077932917109,-0.22269457724327177,-0.11005338870464973,-1.2935704153858074,-0.15636150043870095,-0.12297845613874242,-1.0315668557646849,-0.05539500707185601,A
0.0,0.0,0.0,0.48521783890395864,-0.3431893735247776,-0.0917911285495708,0.7526157975250463,-1.0305523387873858,-0.10420074377238213,0.8262981734007653,-1.5940297947049964,-0.12921998054909173,0.8899709665234363,-1.9948258639502119,-0.13175766827348082,0.44873912029739144,-1.656105843428273,0.014222501857532979,0.516606325691532,-2.100127468012109,-0.16129825534878364,0.5515150979193572,-1.6624489697193288,-0.26631492380066735,0.5084430221535642,-1.3753774356506887,-0.3065125638252444,0.14997773277817164,-1.592674580517716,-0.01304061372385266,0.1943500345849711,-2.0219656463725264,-0.16992331357946272,0.2662010963740263,-1.521291614024473,-0.21033222728471926,0.22393992175265118,-1.2820465422168588,-0.20241223759335703,-0.13521063129371078,-1.4354196190143182,-0.0707287924477324,-0.07382750281873288,-1.8461135545888228,-0.23236035252250214,0.030505892237254216,-1.3766491235398317,-0.15820000610634755,-0.0016931476684947835,-1.1563533845696694,-0.06901086422320817,-0.4284651995819762,-1.200503297607678,-0.13723343703813537,-0.3301070670789978,-1.5233526254310148,-0.227771256740693,-0.21507604138905534,-1.2117709952264213,-0.13612449492051973,-0.22666949157053495,-1.0265124501674707,-0.04117540997011724,A
0.0,0.0,0.0,0.5661208137126382,-0.29607106619020135,-0.061987818819437504,0.9571989020894383,-0.8854293417041488,-0.06992794419845509,1.126157347930126,-1.4172187077379008,-0.10160693142821846,1.2565791154532284,-1.7936122964907175,-0.11401001936295672,0.769059180777542,-1.5331482791473825,0.059163250707787225,0.8764237937604691,-2.0025607844191766,-0.1145828857039629,0.8695793882914666,-1.5651113764103695,-0.23362598363199796,0.7973314320278465,-1.2189708741214005,-0.27727429101011486,0.454422646576536,-1.5574832159917615,0.023400645383884738,0.56333295809644,-2.02338918126175,-0.13640830036240048,0.581273167056539,-1.5058033743147232,-0.1932918673049865,0.5130054208779045,-1.154388157592186,-0.18652550561647718,0.13626830316990354,-1.4983671538837737,-0.0408227090723782,0.25093281556981817,-1.930213949980096,-0.18592918070098505,0.3016885825335462,-1.4589285757378165,-0.11733348024301153,0.25208918129091956,-1.1529987738178855,-0.02553978007724974,-0.2007717717496682,-1.3612013131579448,-0.11364347487658198,-0.04829580882644632,-1.7060956596179493,-0.19081936763442026,0.033434273645664425,-1.3830286703908312,-0.099305594150766,0.002362897575340793,-1.1414111241084144,0.0013827940003439383,A
0.0,0.0,0.0,0.5714560618658664,-0.21327180549552657,-0.1965100892025764,1.0821646845074608,-0.8602002157787024,-0.23613113021124532,1.3291125776596082,-1.4731466875143346,-0.27702757690394975,1.4503180367669242,-2.0026630860039876,-0.2787033849104659,0.8461303279076173,-1.678479813841066,0.014581155995525823,0.9700294408320621,-2.2053477452752532,-0.25645520666437255,0.8969340654559316,-1.6254376510910509,-0.39498925204311036,0.8326288222782722,-1.2733569685439676,-0.4285328136497721,0.5332822109244133,-1.7548992170317343,0.023526934239616774,0.6464302355719531,-2.247711267944748,-0.25746864116405827,0.5638908270083327,-1.5602051456885295,-0.32128154469785836,0.48675441074004233,-1.2277343973700943,-0.2874402779543129,0.20573943373738382,-1.7554362299513282,-0.022742925333185615,0.3159118541127927,-2.2720195050533762,-0.3274483706513348,0.26198220095706487,-1.5779605554674534,-0.24000680529432464,0.20187783283678515,-1.2094778253254574,-0.09183630954671951,-0.14880598126402478,-1.6951316956802125,-0.08453723545190261,-0.027671103131537072,-2.117790365501213,-0.2947686090768902,-0.041397795680572905,-1.5936519385380354,-0.21034185964469343,-0.0857988305123101,-1.2411272307048624,-0.08033672800376684,A
0.0,0.0,0.0,0.48159017611486626,-0.26694486083344093,-0.21582732119509435,0.9318423045201935,-0.9012533241371766,-0.2769928263486642,1.132593076692874,-1.509972539996546,-0.3356188211182847,1.1812194234190152,-2.0428843936165477,-0.36083335273321143,0.6297914707384522,-1.7504187798219046,-0.00912319463989355,0.676875052097785,-2.2019901556928625,-0.2790599115191116,0.6539084511271395,-1.6954767316826973,-0.44569804014478304,0.6265161228467035,-1.3241885410600203,-0.5000991913580962,0.32048240773541886,-1.7843916791391328,0.01363050530217238,0.3483899019690174,-2.2170760656098407,-0.2555671918538134,0.3370107094547812,-1.613010466949727,-0.33789551124801703,0.3158063840961922,-1.2598827870069276,-0.3196562820081993,-0.007725485469475332,-1.743919819233138,-0.017702703618246832,0.007868485919699061,-2.155312258413337,-0.2827244346807286,0.036477866439554994,-1.5738921017509453,-0.22111073241541457,0.04002518843599663,-1.2312695809973204,-0.10010104171418774,-0.3617588956524178,-1.6352179814540255,-0.0687608250885844,-0.29760670768790926,-1.985069949172719,-0.23212103841792722,-0.23387277326953285,-1.5530548412422938,-0.15422080310845002,-0.20702821868823423,-1.2556827635924586,-0.03728774100644355,A
0.0,0.0,0.0,0.489761350389873,-0.2753788611722015,-0.23917913014842881,0.8919178858174357,-0.896216943197289,-0.3003417152994823,1.0647468288083026,-1.4818128856407677,-0.35562522931998386,1.0876513038043576,-1.998232510051254,-0.38606600667585295,0.7034962011713383,-1.7305294368921431,-0.01821057042735352,0.6491276833848206,-2.1544037279225448,-0.27501168486679634,0.5262119538066613,-1.7239929258534394,-0.45076960007187167,0.5005889293733147,-1.3024970155280986,-0.521701369966859,0.3462730724856157,-1.7915337982817885,0.018256440416671536,0.2807303824892089,-2.2156120258209078,-0.27133813024596126,0.17065408696797144,-1.6777754439214103,-0.3851204117290304,0.1744591995809508,-1.2378745107802351,-0.37901648330090204,0.013479000692702246,-1.7486218009894428,0.0009744682873225998,-0.08600379805744225,-2.1316307079619956,-0.2864062872388242,-0.135495301080556,-1.6391645631416794,-0.28392597946206,-0.09730127113710127,-1.2501999852998396,-0.19167594631132906,-0.29013394761997735,-1.6193566943579618,-0.03664284457833083,-0.403716369677197,-1.9596631413879986,-0.2397834032486739,-0.4161700869851993,-1.5779252958865806,-0.21734266554187873,-0.35517956296771247,-1.256887060126078,-0.13030422534133468,A
0.0,0.0,0.0,0.5741568018613104,-0.11247792926067808,-0.31159978544290867,1.0774535847271864,-0.8072672568138419,-0.3844902943691149,1.3016215816638428,-1.4556074870151554,-0.4258321286212124,1.3709560731286308,-1.9537654197918728,-0.4204823805061104,0.728917208741381,-1.777412299640234,-0.07866558183553118,0.8361066552863488,-2.072781378714732,-0.359828251388305,0.7562272625244011,-1.506240572172188,-0.5127521277211916,0.7219768505374007,-1.304978200290325,-0.5707307147786489,0.3846216962274828,-1.8523874067237778,-0.010001083756540538,0.49171533208555146,-2.1502593968500574,-0.30685734729934633,0.4403449626984567,-1.504943119882268,-0.3747470918574525,0.4113439075490504,-1.2908008906404498,-0.34605577529071824,0.05332208270229397,-1.8157419184222423,-0.0047026070927329066,0.11501633988967758,-2.1003092014096083,-0.30398226326060585,0.11815957933697027,-1.485633640171205,-0.22436198401220672,0.10951485971066174,-1.2450125434839074,-0.09131542555378662,-0.26692876455877595,-1.703559818971711,-0.025405760572513827,-0.21460773176242953,-1.9537650380759888,-0.20427888549036774,-0.19390937880721398,-1.5086705754901146,-0.12313881637820481,-0.17985059193933936,-1.287365065968025,-0.005589496364409558,A
0.0,0.0,0.0,0.6096839287259482,-0.17114471938688788,-0.15525005874566178,1.1707723716827325,-0.7738665868701987,-0.17504036200888343,1.3882918449349146,-1.4004524912017224,-0.2056721141679955,1.486914242640336,-1.8925400699958665,-0.19584624388667968,1.059940658435834,-1.6206833140459747,0.061311195232417424,1.227561565338992,-2.031568170524862,-0.18413605825029294,1.1117298691081066,-1.4631989610751852,-0.33781760898895746,1.0106692977394052,-1.1647613237669026,-0.39221869651701763,0.7557600467165538,-1.727914678449784,0.05775917836433721,0.9080418897216673,-2.1232850261453264,-0.18497635143031582,0.8141804460625417,-1.5087718493908848,-0.26477994248780523,0.7170224440328608,-1.2060383636047203,-0.25491769290490934,0.4378794266719686,-1.774700373690715,0.004896045435281245,0.5778224310659199,-2.1801903980701516,-0.2210817043587189,0.5292995567146095,-1.5817180647549565,-0.14544403394983363,0.44417895778846045,-1.258093685311073,-0.028561946713035267,0.08343758400854681,-1.7939090374191329,-0.06688628678615453,0.25311202030743607,-2.096758308979713,-0.19042865939193893,0.2673599504669232,-1.6693215816775497,-0.10118013815713679,0.2267831201937048,-1.4030672872327548,0.01372061714310965,A
0.0,0.0,0.0,0.5904654714686329,-0.23250400761625653,-0.09085139231945041,1.025160791948345,-0.831165172669483,-0.11329601436529582,1.2262090921891455,-1.414598674174126,-0.1604178087848322,1.377331382619484,-1.8966428529270671,-0.1893969643878563,0.8489864002442402,-1.5902279367812724,0.024595834740693438,1.0179174134958573,-2.076420567500744,-0.168531085786196,1.0249200754438816,-1.6366377662229668,-0.3090853574912865,0.9430037800467526,-1.2520689223829213,-0.36690826566357404,0.5560180018234185,-1.6415161831738114,-0.00901951545674581,0.7381200374499329,-2.147921184797279,-0.18949696578066524,0.7616070906711413,-1.6294842656861066,-0.27247407702733895,0.6764274453896401,-1.2157543367339312,-0.2908455870251952,0.23092254707475796,-1.618959170992575,-0.0743900444738192,0.4202288837991393,-2.1678201553172176,-0.2540150093317858,0.4969920484424403,-1.64690104264054,-0.2324897370059216,0.44602658099906806,-1.2209453725217412,-0.17095140280299387,-0.1329888347921619,-1.5177636719197913,-0.1499709664939284,0.08574353150867756,-1.9433910922597766,-0.287340348315721,0.2063925192587238,-1.593605001767591,-0.25138669088334603,0.19987949656409645,-1.248981811367888,-0.18626517086014915,A
0.0,0.0,0.0,0.5254958186551956,-0.14231488226739097,-0.15428198523204698,0.9617388982074461,-0.6526426324990223,-0.2017835999084508,1.1284284818347043,-1.2170878535929688,-0.25140098282304346,1.1706190099565634,-1.6812084636895606,-0.2718765750059604,0.942014523704236,-1.4548738018649192,-0.013845158731439957,1.073157220571036,-1.9136633598728716,-0.2343773921555321,1.0179163124715997,-1.508265017748904,-0.3747210770104091,0.9332609672681756,-1.2155664937759776,-0.4327839502521349,0.6319843429548708,-1.5557166376174534,-0.02539465339686224,0.7371195603224489,-2.0289646662949137,-0.2361926825758517,0.6989234345814053,-1.4794680084246588,-0.3024625008120921,0.6353568756294711,-1.1783438902535925,-0.29534702043810684,0.30629674154883635,-1.5511954967890518,-0.07613915201893655,0.4082989201108149,-1.96541032264078,-0.2971274463626204,0.4097555018334087,-1.4263507113398401,-0.2276088678821463,0.36084581960010803,-1.1513939820210226,-0.12215134479239047,-0.049813984431088865,-1.4681410959185928,-0.1407316803109576,0.07158497655671857,-1.7751900036835182,-0.285070669812965,0.11940231503820874,-1.3840191520524643,-0.20082437514062704,0.1060439614918392,-1.160135693319822,-0.09409957274163708,A
0.0,0.0,0.0,0.558719797256786,-0.2613384116131229,-0.17304209340224427,1.0349463078314871,-0.8888820954610249,-0.19855473777332608,1.1493536963911586,-1.5071108706101737,-0.22869693464736612,1.1493552993697678,-2.001480694574453,-0.22799518066805513,0.819106841065278,-1.6856057447150754,0.03925993457068044,0.8341215409541177,-2.1219485445113078,-0.21310378489942908,0.7662590407839408,-1.6425353124612803,-0.3670241954341642,0.7342844264638525,-1.2883756229862295,-0.4152857236349948,0.49019085872978463,-1.7276783227845696,0.049182074734694096,0.4796396527785939,-2.1409342231600834,-0.22249415882552429,0.43919770469942965,-1.5615856941799697,-0.3086037902967738,0.42923358966390207,-1.1833989583298348,-0.2865843744436987,0.16778857997325947,-1.6947122661946175,0.010023079351787697,0.137442191175587,-2.115353089023264,-0.2547990117856731,0.136727663460483,-1.5570709049268225,-0.19969263969034612,0.14872555760658424,-1.1913056503203012,-0.07911497319548276,-0.17249732963813436,-1.5876244787097493,-0.045125136120714227,-0.17355329179702333,-1.9498776071832524,-0.21020434724674159,-0.15159328633865615,-1.5327433000624908,-0.1394202933283767,-0.12347503780793725,-1.216683206173737,-0.023254931903462474,A
0.0,0.0,0.0,0.5803485592779906,-0.1293117093008294,-0.12212002106596437,1.0813244754056972,-0.8146223250598721,-0.13230464923181792,1.299594812131975,-1.4337044379448345,-0.15972030375937998,1.3539929978325385,-1.9242729841394752,-0.1562420334228211,0.8537206763259407,-1.7244040498499265,0.03519191525313148,1.066185766503136,-2.1551906902476574,-0.19477041296842318,1.0626134283036872,-1.5798945391531618,-0.331318650562539,0.965091116738448,-1.2506508635698512,-0.377242603385157,0.567218207250241,-1.7698091459588468,0.011698905073435349,0.801518367679163,-2.2128704790802685,-0.21036815974607684,0.8091318445254964,-1.5398447987437685,-0.2715969944869987,0.6896058521274362,-1.1884107100485743,-0.25607743446464076,0.24211888520224176,-1.749275686361176,-0.05430070518197383,0.4750339175864723,-2.217759398032095,-0.2902135428433545,0.5273733208178781,-1.5524992592248776,-0.21062644318586662,0.4291095954357707,-1.1764535409892807,-0.09126116390338018,-0.1309213888203429,-1.6757417755062198,-0.13247438010809923,0.13528793013074125,-2.0360058585113445,-0.2963222293459135,0.22543352877309963,-1.5606295984132574,-0.2144641805461825,0.16396157766568742,-1.2418492336567406,-0.10479729054110078,A
0.0,0.0,0.0,0.5852151630420042,-0.10694968885211915,-0.07972430709700656,1.067644601658259,-0.6679364096607732,-0.095631595846272,1.1647078198099328,-1.2418972367434573,-0.1353862727337123,1.0932674124601283,-1.6240013415126273,-0.16429602307743907,0.9062018995679039,-1.6343420494922578,0.017417739420624776,1.0876656434855443,-2.1007340409614055,-0.15703679647405833,1.1825106818605822,-1.708448248070472,-0.2873826040036953,1.1864456871397453,-1.3579140023061793,-0.34533719795003126,0.6131518600164477,-1.6685880065681846,-0.02203245136418418,0.8247815237308526,-2.137117931681989,-0.20102812633545675,0.9392272319940921,-1.6235581472791276,-0.29957716327773026,0.903995499039999,-1.1921807088655973,-0.3256991657572614,0.29568638265803854,-1.6207775083755918,-0.08528230074830409,0.5021604164435418,-2.0848430982203885,-0.27768161045807105,0.6712397527267423,-1.5669632743454736,-0.2910842329173776,0.6595046761785928,-1.1157679861452658,-0.25000223945443806,-0.06812602123815016,-1.488539981107388,-0.15412484885542183,0.17071444324765714,-1.8675189039476439,-0.3108690916050704,0.3548498680180725,-1.5215645773305306,-0.2953982677333403,0.387312005114315,-1.1484657082161263,-0.24105622213215927,A
0.0,0.0,0.0,0.5876622305249456,-0.22700469508804566,-0.057116128717026184,1.080034808129522,-0.7211194499172677,-0.09129350114556112,1.3692860915861225,-1.2074262435873329,-0.16611068978356147,1.4949821454206542,-1.6774619765199528,-0.2237094584745868,0.9398996262798938,-1.6318696358213445,0.04651620062355555,1.1626988543729995,-2.2417755033860165,-0.19228581659987865,1.2328784478846908,-1.7967378272751973,-0.36689982732695764,1.1456736940266476,-1.3436455541717895,-0.42830891347535904,0.6570777515946523,-1.6942527752889691,-0.018022276938374823,0.9090037894038978,-2.309582713336626,-0.22052659044065653,0.9824506364601804,-1.7734570155953473,-0.3261888767690522,0.8956325216691655,-1.3143342470437047,-0.3469201912080581,0.33720296631918883,-1.6826064241062473,-0.11558536871159615,0.5898485823920705,-2.200484138737596,-0.31055569377810316,0.6979333801516596,-1.6720797152217954,-0.29761117220111966,0.6452430672949555,-1.2263700235897128,-0.22856066641133455,-0.022831650620832058,-1.5942317802140407,-0.22131187912608866,0.24293898092385316,-2.0003754073202167,-0.3516622493635447,0.39906291562071544,-1.643497192049419,-0.30181395420253854,0.3967929453839356,-1.2721111896434867,-0.21946290148951253,A
0.0,0.0,0.0,0.6133897260419259,-0.14274008884335015,-0.0777617769615615,1.085209800048013,-0.6885363983206603,-0.07747563444031837,1.2991959112310145,-1.2496333707863676,-0.10735674600668353,1.399168073304493,-1.7283738078763018,-0.12457099587747698,0.9540939313047667,-1.52779866389153,0.07729494182475109,1.1361438381685223,-2.0187519941394187,-0.09150852034416995,1.1507293877591778,-1.6342514115825146,-0.22750708922787302,1.0636099207821166,-1.2494036362890255,-0.28284693408256084,0.6567000335047706,-1.6316738941619584,0.047388319797050424,0.8490206269940636,-2.1531691303362015,-0.12772384275444096,0.8738029336126155,-1.661351445633651,-0.22957871573933833,0.7739129923066067,-1.2186720698528355,-0.25128525745042934,0.33483198423152954,-1.6652800782709065,-0.012062772599638357,0.5066685517277308,-2.2405708425528545,-0.17974812652427286,0.5769983998012898,-1.7470562317586575,-0.18032095135646153,0.5122450543684783,-1.2952258227446145,-0.12683778875374263,-0.02781272919101131,-1.6314724878281983,-0.08116971765608647,0.17468458433242495,-2.0767780916523146,-0.2095111267058555,0.30195956865243817,-1.7584600449274765,-0.18645569371163886,0.29802886322272526,-1.4062297317408405,-0.12584999518993564,A
0.0,0.0,0.0,0.49634534164062205,-0.37090231400229845,-0.18787477360889737,0.8099175726198542,-1.104437094106945,-0.23002576939789274,0.6264209413448386,-1.670092504600676,-0.2645312999111459,0.2704145542558959,-1.8138545204240706,-0.3027405701516833,0.6676561516642965,-2.0946140350749882,-0.06286393773943649,0.7212881190031163,-2.8514792583299795,-0.17382544732795358,0.7258252417232036,-3.3109112048774483,-0.2964410954837541,0.7107719326824128,-3.72391833831538,-0.3930168437552379,0.3359740467156134,-2.179110021983672,-0.08872996475473882,0.392113563089471,-3.0012101370605455,-0.17409236167819359,0.4132177048954724,-3.538815097822797,-0.2888017779473648,0.41768524431384646,-3.9963223921035063,-0.3789319630483696,0.026387372389485138,-2.0879078077559448,-0.14759951001999555,0.03968944095207948,-2.8844916168014296,-0.243748434409848,0.05953598298052009,-3.3940650719771708,-0.34542956144227566,0.06265739517465117,-3.814222162898998,-0.4151480223436599,-0.2917187025155128,-1.8679487977622313,-0.23086024532213636,-0.2842674602645134,-2.553719559432221,-0.32078375253385744,-0.2681587437626583,-2.9960456716935986,-0.36471902720772015,-0.25614633429988004,-3.385441114290491,-0.39588852111520967,B
0.0,0.0,0.0,0.5234945914020452,-0.3974011628345845,-0.18916905336654,0.8692759843546415,-1.1059733458856218,-0.23365923644518702,0.7205755372191702,-1.6701647420965533,-0.2700621203092959,0.396452741238701,-1.880211494704903,-0.3107185385128396,0.6810489959228375,-2.1025107470185684,-0.0732597685957498,0.7563683084103174,-2.89711360457121,-0.20237099381329693,0.7806427439143934,-3.3889018666522563,-0.33487650701066374,0.7876491563116518,-3.8282588345749486,-0.43367074716300685,0.3513441264152172,-2.1855615347147137,-0.09711997475814607,0.4178621926736447,-3.058519715669127,-0.19891521343467378,0.44988175519664286,-3.6304403117870145,-0.32358183822184206,0.4657720831183965,-4.108222574978672,-0.4166023343790734,0.040768097595781906,-2.1032843495997766,-0.15267252661645214,0.07043992797159307,-2.9475813133543203,-0.2578913892591626,0.09788310032301108,-3.4799503398570715,-0.35577932459830625,0.10826264750450929,-3.9133854558640033,-0.42014132917750735,-0.2820737035222745,-1.8853157548730723,-0.2320709810477624,-0.2563009818425345,-2.5760108923930662,-0.32499475318128324,-0.22231442099172843,-3.0126670771866575,-0.3617175776472221,-0.19700813616242296,-3.3977323125865797,-0.3839955781076243,B
0.0,0.0,0.0,0.5397904913230224,-0.401620297892948,-0.26401238610388755,0.8912980402451881,-1.267674323611762,-0.3217450424067779,0.7450438518322821,-2.0244804382685815,-0.35920797045556907,0.3918303258592293,-2.3421173252982115,-0.3971405979216985,0.7699287132953114,-2.2725863383115703,-0.12724035342924644,0.91816129461419,-3.165550691859145,-0.28482446708387643,0.9454726185816364,-3.760607604265798,-0.4404920126108456,0.9486291555776826,-4.27407487841094,-0.5589090599728191,0.4284948847615215,-2.4502250125571603,-0.12168760570949053,0.5704135203575716,-3.4523596931312013,-0.25178415595922654,0.6065864231246056,-4.144555740807643,-0.3946342358469848,0.6210414621934915,-4.697824061044189,-0.49844532575635514,0.1043004032682748,-2.4175943876369734,-0.1569996743744545,0.17359820228296272,-3.3821382954014316,-0.29199344445106157,0.19406949102823973,-4.019597498416529,-0.41878885936887217,0.18614763796235498,-4.50439049758806,-0.503775468860128,-0.222945571667297,-2.201945638097653,-0.22321194158572435,-0.1976200503170814,-2.9466939732103383,-0.34632517949430874,-0.19181781053644548,-3.4402740182035068,-0.40953069756745125,-0.20493256359831105,-3.8553477365493625,-0.45162188926938757,B
0.0,0.0,0.0,0.49919077707686926,-0.3366074809818806,-0.24687641799089732,0.8408867082723688,-1.0288479389412668,-0.31827293109456,0.7089732401912513,-1.6887399083885557,-0.36685331598331594,0.41958252863769896,-2.0224815817927024,-0.41544709308944655,0.7261474366779433,-1.8585605026186676,-0.13027354424235182,0.8214976548306668,-2.6327215562371036,-0.2717665415758524,0.8133900529768626,-3.121693119403719,-0.40418527495766854,0.7864275630909553,-3.522241012333461,-0.49768575920033065,0.38748859803942814,-1.98953122629818,-0.11193156967300277,0.48090898285874023,-2.8417051407921363,-0.22492701800535678,0.4998346190344466,-3.401347329261268,-0.3459803921624538,0.5099918860055648,-3.8339312679445148,-0.4308355759658809,0.06631538312260563,-1.9512500489593205,-0.12948269466640477,0.11403754479208163,-2.7595262636327544,-0.2450001112135016,0.13406908615990434,-3.2604793126502902,-0.3469554640650835,0.15114646939745485,-3.650510104749343,-0.41357383288282795,-0.269669920405002,-1.7777552903719296,-0.17291517889790375,-0.23151839157810494,-2.403535145334998,-0.28066400921712364,-0.2032854816781136,-2.7898125622365653,-0.3282647523470841,-0.1800599493582818,-3.123157842931814,-0.35486692176836526,B
0.0,0.0,0.0,0.5298158711609741,-0.28287803746406204,-0.26272775074655214,0.8946746509785294,-0.9847510138197407,-0.32348355118471156,0.8860011851822583,-1.6744838382723621,-0.36513598052309765,0.7593901862504789,-2.142429758242333,-0.40369825863574643,0.8417219561278596,-1.950909526953937,-0.11606653459828314,1.0259284710943835,-2.7643780105987155,-0.2778003566889629,1.0850669652561051,-3.3253431384425753,-0.4280808811789061,1.0993703724931845,-3.812200569825843,-0.5369624345968524,0.5340525033531219,-2.148215540473966,-0.10824845730115515,0.7447639108403296,-3.049533483778196,-0.26228127556009134,0.818950684929929,-3.672016763800108,-0.4109174675473414,0.8619889738257062,-4.1691971045973855,-0.5113067586628036,0.21328740947019628,-2.18983776119371,-0.14406540363589623,0.38082397449738925,-3.067929254752551,-0.3081036515047,0.47159930643012127,-3.638036913743283,-0.43703965327446853,0.5343545413214777,-4.074424302082187,-0.5127198855367825,-0.14225062522682105,-2.1033399503734906,-0.20860260950067877,-0.025832925546385353,-2.8395233598496996,-0.3583706723801996,0.04086616143752498,-3.318038679989465,-0.43425747083926264,0.10466059209740058,-3.719557848614937,-0.4767130926198401,B
0.0,0.0,0.0,0.5662145830711055,-0.13609349350232544,-0.2618088217792322,1.044309875296549,-0.8016862647966687,-0.30812884397570905,1.0772058240288616,-1.488530899253203,-0.33342892905998994,0.7651734208635684,-1.8125457981084452,-0.35734385328393076,1.0517472234051908,-1.7289592294185239,-0.09981267857524198,1.283588488143321,-2.451219615821419,-0.24164084858911736,1.401274079123299,-2.9423656248817944,-0.38405182588009246,1.4944633090535855,-3.386241112371606,-0.4943015305662009,0.771201944985241,-1.9791988948829806,-0.09186008073080151,1.0372774498798816,-2.7648410116443882,-0.21839427064732164,1.1954648118533415,-3.3307252245769154,-0.34817605909751986,1.3258700186222871,-3.80109519118354,-0.4393708254976155,0.4556626481807886,-2.06437701440643,-0.12802946100472457,0.6824895227956485,-2.8629605773485283,-0.27444472583162016,0.8312299068020111,-3.4016895708870845,-0.3932671062057529,0.946931084228359,-3.836826329667061,-0.46485911923385215,0.10377971250314952,-2.0329070659846633,-0.19454024014499657,0.2852267402287899,-2.707309464005306,-0.32411186988079616,0.40426670259546266,-3.13041347721253,-0.3823909530491508,0.5141516844958395,-3.4967943263498484,-0.41957922392970043,B
0.0,0.0,0.0,0.6149931577930929,-0.06232936330534256,-0.2075776846453603,1.1383655374320367,-0.6330392952526398,-0.23261428365595516,1.1048000022464266,-1.341952908290473,-0.24338446168258157,0.7983352227124366,-1.6747385890391915,-0.25532931323106983,1.17927788477783,-1.6427147424156925,-0.050288564065430634,1.467334228370599,-2.3495610836562486,-0.150367717843527,1.603688684584165,-2.8158308816798483,-0.2626668592319293,1.7009629886306905,-3.230185811646899,-0.35235361880340327,0.8960272552387545,-1.9072597510838785,-0.05111977403532503,1.193727082841436,-2.706468497140149,-0.1290177876252994,1.366918445876523,-3.22744903896874,-0.23641317941175582,1.4836834064901743,-3.655452103351897,-0.3197809400675153,0.5946954270967442,-2.000862318628569,-0.08681440237059368,0.8229327852507399,-2.7875198431832957,-0.18345196579209022,0.9675974002785264,-3.2767276429581744,-0.2870754672510459,1.0505891301714514,-3.665997159620354,-0.3568992960436367,0.24177062558605053,-1.976902201068622,-0.1472363925187493,0.41494362326031536,-2.625208119899281,-0.23702687463941227,0.5262013130368655,-3.0170177329209973,-0.28131590226964953,0.5983321024551914,-3.3564765510033756,-0.31242181476768977,B
0.0,0.0,0.0,0.5713168124304514,-0.1399050597706846,-0.21279471961478913,1.0525271899326916,-0.6954468272889703,-0.26528836057361244,1.024892004890253,-1.3357274492255027,-0.3022171160061239,0.7521414389452264,-1.6854853127050482,-0.3398078805422324,1.0842574565915124,-1.73121785314044,-0.09762873980994292,1.338503017055553,-2.4622603032406394,-0.2197049762931002,1.4387280703981744,-2.933230442965189,-0.3420767714068569,1.4977753973760382,-3.3486706453526747,-0.4342017851247465,0.785705286421282,-1.9687339945221283,-0.10365156399451411,1.062948730650087,-2.799920277626277,-0.2026801481409974,1.2063168454849214,-3.3366314544931277,-0.3181338390307221,1.296165965371377,-3.777844263896517,-0.4025885982175559,0.47316097742142066,-2.0255001138595725,-0.14200296861524808,0.6805101677097888,-2.8301985723727854,-0.24700971983634806,0.8037184654493722,-3.329335137275214,-0.3499992383154101,0.8746301554520673,-3.738853996912984,-0.4188336512940657,0.11387626381824169,-1.9480800987635511,-0.20407641303592727,0.27039869520233045,-2.5933975078029774,-0.29751531001407094,0.3728849678177953,-2.9938947162694443,-0.3398489833826003,0.45131143945022306,-3.354987673322508,-0.3671360259594911,B
0.0,0.0,0.0,0.5156604952859666,-0.09850112293980486,-0.24405531072047404,0.9573944760463753,-0.48152247382833413,-0.350898039995369,0.9710130290174801,-0.9840880677424562,-0.44120946070624845,0.8150077376982265,-1.3548446856134853,-0.5318653177707792,1.056001006441721,-1.5849516438897735,-0.1958353638757643,1.3216271172686904,-2.3121159229645176,-0.3693585363504737,1.4383878811899398,-2.7649030152834486,-0.5190404806827772,1.5162210172154957,-3.1638713630646205,-0.6201577737838428,0.7576900073450661,-1.8092945974719636,-0.20624649437342632,1.0529696956753138,-2.6598835584923353,-0.3523199120856878,1.209404968156891,-3.2102684747423473,-0.49388714696658925,1.3215964204508026,-3.661725898280571,-0.591346045225539,0.4433110297793876,-1.8676244199678322,-0.2484626176342906,0.6783491158526747,-2.6718810486246958,-0.38679308749523905,0.8088252631485127,-3.190121318028656,-0.5078574719279729,0.8976230316692677,-3.6127080457756846,-0.5846783465268987,0.08628514369189096,-1.7980516622087095,-0.315164856139085,0.2647884939800494,-2.423799523491905,-0.43251814200193256,0.3723524009773953,-2.822889755697043,-0.48653565407831156,0.464478742831896,-3.1826784682503777,-0.5172097314924327,B
0.0,0.0,0.0,0.4322208189104958,-0.04737286350702786,-0.279203569137233,0.8521791853432887,-0.30077478058301915,-0.4249950842492051,0.9013396931034137,-0.6719762695924129,-0.5494778692015946,0.7361660944631657,-0.9837021887253669,-0.6741595613228029,0.9647939879561371,-1.5073107706429891,-0.2599333951247472,1.182915666829426,-2.225297990622594,-0.44940231215639165,1.285461230220757,-2.660688916769468,-0.6098302494072497,1.360031644130886,-3.0356552958553333,-0.7186707109451079,0.6612971259331726,-1.709024934488367,-0.26572438541693505,0.9103533284904105,-2.510004328924548,-0.4217652176221949,1.046405638095795,-3.040482962831868,-0.5677165515424467,1.1458947000996051,-3.4719095101335427,-0.6707064087974624,0.33744368550136344,-1.739702003279342,-0.30494799216813034,0.531163177000009,-2.518442762001715,-0.4525202208009527,0.6417675825946796,-2.9982425246535995,-0.5733433852603681,0.7299871770317905,-3.399033296757826,-0.6524394703943731,-0.019809099028002358,-1.6413234093681182,-0.372171417929994,0.13575472431870145,-2.2461599793522087,-0.5015549091141348,0.21219944086834253,-2.605481902490544,-0.5579923949335,0.278868044550515,-2.932949792489075,-0.5913964887636454,B
0.0,0.0,0.0,0.4862442983113582,-0.10279844743425574,-0.28329593893943456,0.9100009193791542,-0.44776871988583633,-0.4200287938195712,0.9065550155417497,-0.9093897242223509,-0.5348476218239235,0.7153208052844269,-1.2495109943622358,-0.6503596915097012,0.9700452215034193,-1.6236825008593292,-0.24793034795928964,1.1724835385100143,-2.3735699662668313,-0.43313683673014214,1.2402314295242516,-2.8498636701035305,-0.5934601129550334,1.275491607410664,-3.268944567907043,-0.7042855164934635,0.6572496354879892,-1.79543275723167,-0.24481797617012593,0.8823280747993403,-2.6163325061827485,-0.3990558046905505,0.9849797470497513,-3.1719374154490287,-0.5520370338386166,1.049028943588471,-3.6207867701357572,-0.6631552347940666,0.3337394610518961,-1.8069249931038112,-0.27476031446128957,0.5286464642817048,-2.594801731197749,-0.4175992980909489,0.6300831753317817,-3.1000077368097116,-0.5452198184768011,0.6950166371367834,-3.511272605089937,-0.6312365515855521,-0.023823961544083432,-1.6940964396041955,-0.3331707387310564,0.12583793477412408,-2.3000932249852113,-0.4599847987531436,0.20940301030621342,-2.6938647401638147,-0.5250931459003186,0.27427603527080846,-3.0482938801061477,-0.5656965127211868,B
0.0,0.0,0.0,0.6131569765287773,-0.1605029169327148,-0.20196173168063167,1.1344964046077533,-0.7241451514222417,-0.2455039600746574,1.0855137716600998,-1.4212620473691584,-0.28144315533023195,0.7642551124804308,-1.7177684134160631,-0.31802709188498235,1.175335176059104,-1.8116780512526147,-0.032220106975342694,1.3917889229988418,-2.6022005379508237,-0.14536634411375998,1.45979839801483,-3.091632395795417,-0.2725842805938834,1.5002777085278594,-3.5236456470729425,-0.3753398645995782,0.8767947154385459,-2.0424212390765355,-0.0519170150508045,1.1209213422277582,-2.8958835989029876,-0.14901990041385688,1.2302682906362923,-3.463390907065379,-0.2781927732247569,1.2935179148630591,-3.933635301262507,-0.3808237151523033,0.5710062394668546,-2.101749665617763,-0.10865694700567634,0.7762231572975068,-2.9290095947268178,-0.21787462644573138,0.8956315376353963,-3.437353106785161,-0.3287382594824986,0.9662042764873991,-3.850276576922995,-0.4075841120957082,0.21356576560181942,-2.034056623130379,-0.1920555594827678,0.3852106353364792,-2.7072740436799836,-0.29184293487885477,0.5086024842882566,-3.1205945243931903,-0.3448763184413052,0.6086419333376989,-3.489743803588185,-0.3848541542196559,B
0.0,0.0,0.0,0.6257379574195159,-0.1891479872746775,-0.1590771718984553,1.139998335042118,-0.7302439089999372,-0.18584953796074122,1.1975248773703295,-1.3334350737072265,-0.2193006999606683,1.0252301923747973,-1.7347510800420745,-0.25587883505244885,1.1326469030479094,-1.84778959987191,0.0007969471975345104,1.365323612858198,-2.6361966237289067,-0.12620885490353861,1.478069701610356,-3.0879823112150286,-0.26240564261214144,1.5709401059085886,-3.4804155452537793,-0.3599624778197023,0.8329503395828434,-2.073304957888481,-0.04054991911229805,1.0952713583345586,-2.967966457196453,-0.14354095734999606,1.2390294062511853,-3.5434401484656,-0.27424265975036133,1.3469739193571793,-4.02713113639617,-0.37332617686840563,0.5298858259987657,-2.1377250279380493,-0.11841302574265794,0.7867123500995268,-2.9854516959019946,-0.22541007998813908,0.9303630544132498,-3.484462506070228,-0.32995902696100243,1.034494194941672,-3.9097236249411744,-0.4021235278433172,0.1837041331274188,-2.0735677892351254,-0.21950245957310274,0.3696856624280701,-2.7691982007127054,-0.31287492256224186,0.48673120126862307,-3.1889905018078104,-0.3551125574321144,0.5877222739446629,-3.5804694119881884,-0.3841705331472155,B
0.0,0.0,0.0,0.6509951006179232,-0.17543905056028483,-0.16849985997446168,1.1488451501254786,-0.8289400641649275,-0.18514408169027138,1.2172217667035998,-1.4910065233010659,-0.20157149869370192,1.0773167443540623,-1.8779323192798942,-0.21846740622994304,1.1136362273878395,-1.9668144217318722,-0.014027758801503505,1.320291038528064,-2.800449008928485,-0.1292437398402805,1.4117514441187737,-3.29615076146974,-0.25239068582811347,1.477251960944796,-3.7201160407367895,-0.3437338638036448,0.8037881708694057,-2.1606206311008886,-0.04155325392922042,1.0311097201981485,-3.0927669448629502,-0.13277519804192042,1.1476106162755948,-3.6839049261940486,-0.24796700274765032,1.2282614816224326,-4.182910183816049,-0.33607004411756963,0.491442437369571,-2.194111263044659,-0.10471763394230817,0.7112813591292511,-3.0818386327529024,-0.20466547329702897,0.8370395251849679,-3.600192867712422,-0.29594671867993316,0.9200389524695406,-4.040471939620051,-0.3588247722071267,0.13850143365363754,-2.0994305793743195,-0.19158081786022169,0.30410539344144727,-2.8098939731332297,-0.28598684159002996,0.4236358390542997,-3.2393153891869666,-0.3274612240975366,0.5246942251590974,-3.633617611613642,-0.35471034570795795,B
0.0,0.0,0.0,0.6339793292887432,-0.15770453781117366,-0.20142265538326917,1.149107509008775,-0.678227724869602,-0.24140310933619658,1.1954668494579814,-1.2897139649418023,-0.27227794044284903,1.094053380975704,-1.7149674285217478,-0.30435214498059526,1.089711940886582,-1.8088573218369628,-0.07032281906503382,1.3152691625876338,-2.5848500861068153,-0.21201756721897566,1.4107536956635052,-3.0731051565269727,-0.35171042745579373,1.4737895958319032,-3.5130152075367,-0.4511317572092988,0.7831929343002703,-2.0128483267749475,-0.08798979213094184,1.021096230444562,-2.9044343744358265,-0.21284635241865507,1.136624737549015,-3.487040392916813,-0.3527097564724684,1.2171597610168474,-3.9820393415840223,-0.4519101443146908,0.47418194586576456,-2.0670174964223254,-0.14005824239454862,0.7038048321417748,-2.9118669770239505,-0.2728174054544718,0.8427875942444327,-3.4429077373185826,-0.3813853492980994,0.9417076519898417,-3.8874078550467814,-0.44787924936414336,0.11811622449383322,-1.9959593389394916,-0.21521795039602873,0.30149265252591634,-2.6871947137085916,-0.3325910337051058,0.43026933912339516,-3.1033251993985704,-0.37709993355242033,0.545337744074684,-3.4818454299928354,-0.3986468305498688,B
0.0,0.0,0.0,0.63215006501893,-0.22623394767838548,-0.18737736698186655,1.1194522150972446,-0.8227161247814594,-0.22405964146479904,1.1425839809536047,-1.446479051854129,-0.2531030324851564,0.8888862780086135,-1.77563766702831,-0.28438083458539526,1.0386577093959861,-1.880087551475391,-0.0659442839653065,1.2699805522456222,-2.680033773565683,-0.19609393390381788,1.3605603978365868,-3.1849194665864697,-0.32995492105913166,1.4150399860564362,-3.6299489483412537,-0.42833608027448294,0.73025127278843,-2.0758690029884077,-0.08871593230278693,0.9749765318938904,-2.9764204430027577,-0.19678284451330458,1.0948600358650273,-3.562241135876332,-0.32208718376993073,1.1642548150055043,-4.0463912400458035,-0.4135854904354438,0.41500209704422614,-2.112500131249433,-0.14341637110769684,0.640649183543531,-2.969723382303673,-0.25558428038384506,0.7788285513582502,-3.4846417056580012,-0.35150875225559514,0.8607553051293958,-3.901946662558655,-0.41279692812784186,0.060473141304082254,-2.018001483845155,-0.22129774548182332,0.24234256124410464,-2.7047218620895346,-0.3179730639802759,0.3689397156296359,-3.1103129246957297,-0.3504397524753263,0.46259021383870536,-3.464118672534091,-0.3677019344872485,B
0.0,0.0,0.0,0.63732845951136,-0.291883745139602,-0.25993588455265443,1.1471885486367326,-0.9981650805525808,-0.3154068010046423,1.332459936838842,-1.6624022570878845,-0.36632188869055776,1.2797915723047804,-2.1485658007847808,-0.41073445494210065,1.0927590810599195,-2.305812883495561,-0.03451611802492701,1.3758386502276212,-3.2355373481570573,-0.210464520514892,1.5234954219960863,-3.831834785256021,-0.39874627330505075,1.6120306923396166,-4.350766898724815,-0.5320313477403922,0.7920189295159705,-2.515308478418043,-0.04236402822777519,1.0856898929145475,-3.5227417822461846,-0.1985508969831335,1.2315440451426753,-4.210218153115592,-0.383418733947369,1.3201958295278173,-4.786633875217469,-0.5114418852728694,0.4779506430051291,-2.5815855490881656,-0.09973466448619037,0.7522099652986394,-3.5405222267686876,-0.24683475108062608,0.9020396569810699,-4.151148212502175,-0.37572060434461885,0.9976816142419851,-4.645678669704464,-0.45537134420479247,0.12896832126650565,-2.520661428122893,-0.19246381255812106,0.3349624683522776,-3.322946316098341,-0.3143771123470297,0.44786993164144623,-3.813374675490783,-0.36528418550745356,0.534891858685882,-4.227572718727377,-0.3907746035528847,B
0.0,0.0,0.0,0.5402910183335442,-0.4279496369730823,-0.23050810066831354,0.9582467702157969,-1.2205312078894932,-0.27077249855563135,0.9429387761821445,-1.887026895968899,-0.30250291650771327,0.6172165108794232,-2.157716577596513,-0.33247280010454944,0.6298004321518702,-2.3077471188628915,0.006765468250412166,0.7211909062318378,-3.1358315284708635,-0.13118809042771493,0.7442173739603217,-3.682500119627194,-0.29357282971945126,0.742412562052338,-4.152355851770593,-0.41565965361840773,0.3221444785186318,-2.384612415340093,-0.004730477010285932,0.40575414253042663,-3.255369149188122,-0.13269047561455152,0.4471200783111466,-3.844895200937952,-0.29811786700040216,0.45435243530914937,-4.3452176348983365,-0.41686752117867604,0.010508895900623332,-2.3133959179475596,-0.061459823785313526,0.0785371419579298,-3.1537945704403048,-0.19864799363049263,0.13428378477659025,-3.677825159164682,-0.3215632993668794,0.1536752125712206,-4.121149139616003,-0.399001562091107,-0.33781418404051344,-2.1090551458302,-0.1489376286463493,-0.2719158086620477,-2.8412052145563664,-0.2715721364434871,-0.23267385772234223,-3.266089400174323,-0.32738927554702063,-0.2130852543605337,-3.6341752507693075,-0.35934700054287977,B
0.0,0.0,0.0,0.4851596504638068,-0.4427258939165925,-0.1910195622380492,0.7711658442108502,-1.1822359608719628,-0.22616058061727976,0.6472551616243002,-1.7932273529317428,-0.2488268138725661,0.31344480142718145,-1.9238239344346915,-0.27405030030259264,0.4544451748394624,-2.0987915347585275,-0.062002076603897525,0.45460375078558435,-2.897372653948996,-0.1762574838244821,0.38976498460822634,-3.4040880469527486,-0.3024103336097201,0.30788859409425917,-3.834258355467673,-0.40192216789478247,0.1219580812227211,-2.174493617419334,-0.07572031372907012,0.10941308195369566,-3.0605753881665403,-0.16818754258404983,0.06415023546851505,-3.6316423692025483,-0.29061041444176844,0.007528684700897217,-4.083773069776609,-0.3830130395319133,-0.1877822219099733,-2.088164353846075,-0.11951116792214295,-0.2235321319542604,-2.931758141121712,-0.22301487889587784,-0.23722453837567523,-3.456932724845565,-0.3283610495447055,-0.2685330256674071,-3.876018704352677,-0.4004990351957471,-0.5054352271062785,-1.846890835777968,-0.18519157215278167,-0.5448732161372798,-2.5184889174366547,-0.28519128672439714,-0.5556627537575122,-2.9168697177551595,-0.32659740524746644,-0.5790770107068777,-3.2501881468496627,-0.3517383900570225,B
0.0,0.0,0.0,0.529346607158725,-0.3095912403251632,-0.3228374048943428,0.9477822251207825,-0.9186514856040703,-0.43180906341062075,0.9521970812540924,-1.4375404267243708,-0.5093099281844989,0.8369806704666062,-1.7895242178037531,-0.579999872115316,0.666488780305094,-2.03547145491734,-0.18353148553651483,0.7598366749544543,-2.8257608202694384,-0.35270438483754607,0.7651235588601769,-3.3298701206364214,-0.5177154091705901,0.7372858022572665,-3.774601065903968,-0.6337534986447633,0.31145392659252125,-2.148474575073395,-0.1357700468148613,0.3928511553737578,-2.9800216825626205,-0.2873864469539587,0.4087069790964043,-3.5259984318034663,-0.4483527614003538,0.38736310502963245,-3.965701825442454,-0.5562626347166799,-0.01316594106057674,-2.1006792685449334,-0.12807616336655692,0.040541129807411626,-2.893235952086205,-0.2719542797505882,0.0721969104589539,-3.37886828751428,-0.3751090095340151,0.07547212998065012,-3.7793177866471326,-0.43500051147975355,-0.32534199769083827,-1.9115639642773563,-0.15322238486879647,-0.3101591044427113,-2.56289583054294,-0.27228496863725954,-0.2953990055719814,-2.9468979616719913,-0.3063785991416157,-0.2877723835592601,-3.271739227359583,-0.3158612114531025,B
0.0,0.0,0.0,0.5932834110627113,-0.098461086150811,-0.39784221987035767,1.0937141976202691,-0.6922894158837651,-0.5278367182649619,1.2637667453415564,-1.3773887057588874,-0.6245613137228994,1.201119184429348,-1.9411461595800055,-0.7052547840454721,1.2464979576322235,-2.062835716755492,-0.1821947036306254,1.5975591855250013,-2.957682020698058,-0.39933844897876725,1.7655960009061507,-3.577044515871962,-0.6051940567580925,1.8555460875264456,-4.128955531149953,-0.749684689901114,0.9794568877041219,-2.325077535097494,-0.12728247910965287,1.352434464470209,-3.267676567349165,-0.3376301289062346,1.5723779920278387,-3.9077168007572713,-0.5386333934517168,1.7150784229414993,-4.43877855093912,-0.6678057735152655,0.6683229126129896,-2.4380851493052256,-0.12947904575890504,1.0257230498764185,-3.3473233737590866,-0.3301348717792439,1.2372716794189262,-3.919769771644366,-0.4636004554293188,1.391400816790174,-4.389171115507208,-0.534557369709942,0.3212050522707162,-2.4420285168557303,-0.1754227290440255,0.6221606000373774,-3.2112827358013383,-0.3432132845055091,0.7949109035736569,-3.6964021245196537,-0.4098799487871522,0.952321221460371,-4.108348387304508,-0.43629927889085224,B
0.0,0.0,0.0,0.5834203531625178,0.007366764931899156,-0.23925555939012558,1.1280241247211031,-0.40282783342439576,-0.302740012356352,1.286558473452367,-0.990567344377438,-0.35419565924485347,1.2353124352718472,-1.4945157819681048,-0.4037906347048275,1.2656366651211741,-1.6027670619241756,-0.08124552325439294,1.580677542981437,-2.3386779797425117,-0.24432595025929996,1.7598309965380485,-2.8223829979268977,-0.40626987682905785,1.8950699104181739,-3.2375315497752957,-0.518209070007436,1.0027754061568699,-1.8741921851218128,-0.0846100460883635,1.3387821753831575,-2.6522224834759824,-0.2313809058544919,1.5498321536980981,-3.1864211893797583,-0.3946204144500265,1.711936248627745,-3.622008105610693,-0.5048292872848175,0.7061538896838454,-2.0030753050021826,-0.12847576533443425,1.0179340924010463,-2.7586810533488917,-0.2759427620389775,1.2272374029136497,-3.239199357926434,-0.39493153659099595,1.3904455329600853,-3.633988894854992,-0.4636266501941742,0.36267210718457155,-2.015687951079071,-0.2002049550363514,0.621323926133933,-2.668053191095596,-0.3309966560324096,0.7882776447065808,-3.0659270710278883,-0.38544456136299693,0.9367199173303413,-3.402022985946836,-0.40852916297740843,B
0.0,0.0,0.0,0.7114132450565578,-0.08752542731161059,-0.1484159860171951,1.3005933860516896,-0.7248907082915084,-0.12627563426243182,1.4526405641407167,-1.389958594058865,-0.10886544758978527,1.2818811049538943,-1.8242591504057515,-0.09277578156155422,1.2617782919350322,-1.8815233941951413,0.06926550626937504,1.5962750241072927,-2.6734270446826534,-0.04154375131833916,1.7992980327826718,-3.1522791741405656,-0.1671996990071858,1.9608970955294853,-3.5608436587283627,-0.25941479550133684,1.0003090873373572,-2.1228737411748653,0.029177594942625482,1.3598824582461397,-2.9958919319979027,-0.06817151002837434,1.5915857226134813,-3.5564592046172465,-0.19726871502906518,1.7687726481954482,-4.029534743583068,-0.2889317603226785,0.7060832292391167,-2.2293970434480594,-0.05145381493766843,1.039433307396467,-3.0751945022762843,-0.16599764098604575,1.2699867088290808,-3.5988378041916214,-0.27450188300054185,1.446066557073891,-4.048637443258701,-0.34179446918817163,0.3496096748743727,-2.2246820705957053,-0.1547669397304326,0.640410545887033,-2.930732675816674,-0.26157787486854944,0.8313059769308352,-3.355596333799247,-0.3071602299054376,0.9937297320708349,-3.74002546279709,-0.33302693144211176,B
0.0,0.0,0.0,0.6413082235816803,-0.0998941769236061,-0.16864837173790792,1.1837925115558814,-0.6509857222588801,-0.19307203933659647,1.3225331037507868,-1.284074826983116,-0.21353365223976567,1.0639175629556992,-1.6181045348607257,-0.23765389410347496,1.0823052945153429,-1.7947418791854,-0.03686402148609858,1.3294650285910967,-2.541304727664265,-0.14929151785367573,1.4523843560666765,-3.0105553772242866,-0.2699366375407768,1.5495554025362552,-3.41495301157092,-0.3623706450024259,0.7968800327247401,-2.0202239458136133,-0.06519511710899713,1.0651620705387614,-2.861868845890488,-0.15887961430539063,1.2428054064952887,-3.4043698563852542,-0.2746480426849465,1.3696430845789258,-3.8477771706118555,-0.36196941452546094,0.4844769446003162,-2.088813564240503,-0.12447128173071241,0.7093442385646193,-2.9159142720895823,-0.23247172800209842,0.8712882081754093,-3.4241024306513466,-0.3330432220168575,0.9815705909002059,-3.826117105817541,-0.3991996036850319,0.12531724891126084,-2.031095344445851,-0.20512251318935903,0.29868358020025565,-2.7194057326046623,-0.30505313310597165,0.4341135533897236,-3.139361031938565,-0.35134079498701026,0.5407931130655349,-3.49564489415686,-0.3815019786442757,B
0.0,0.0,0.0,0.5827847593552573,-0.08322745465471176,-0.19968972333112955,1.0940262510361725,-0.5231796567232707,-0.242872074191245,1.2487108520757617,-1.0496223534140332,-0.2778540386007993,1.198675977735528,-1.425578463216932,-0.3111110852856028,1.0491211753545102,-1.6244038134941854,-0.06892506747662333,1.3075197314898743,-2.31356192146711,-0.20025068292231515,1.4432827675566806,-2.7492427468040295,-0.32993314727550604,1.5561973470769226,-3.123684557267176,-0.42396715416126646,0.7360974004085148,-1.8709913929730235,-0.07436948544657648,0.9628722987944157,-2.6422565814182737,-0.18968010451956074,1.1053531941491335,-3.137689234547008,-0.31645292273238435,1.2177681904485462,-3.540778733757008,-0.40704115602344126,0.4213787106406955,-1.951649961201715,-0.11445341982546335,0.5907481876630178,-2.693926962838988,-0.23671699360740414,0.6993654743228462,-3.178640306397095,-0.34557056558745913,0.7826236296224134,-3.5741216276183754,-0.415791064081431,0.0913579423156467,-1.8904344701986755,-0.1780913586672725,0.23211401962303208,-2.492728492585377,-0.2925516483737282,0.3089681001476906,-2.860829224402019,-0.34988295957675464,0.36565863506677826,-3.177684200600168,-0.38229219997968183,B
0.0,0.0,0.0,0.49136558806267366,-0.10517134942034498,-0.18458886767035212,0.9020075084720409,-0.5345096820720142,-0.24111092748265864,1.0510662538615607,-0.9831590869689211,-0.28883199231782114,1.043524073333735,-1.2685198635886723,-0.33877849163287493,0.9567367679574788,-1.419313092177733,-0.12671737934101313,1.2139635821914923,-2.0208002259029736,-0.24935971510402316,1.34349091819811,-2.4176885409570343,-0.35827492753336954,1.4287207490204794,-2.754890682687775,-0.43982276020427347,0.6599124143430853,-1.6842876453667837,-0.14422886019001913,0.8597252819859424,-2.4375185474670458,-0.2616025541877698,0.9639413893033644,-2.8930639001892384,-0.36916058137634444,1.022530243375542,-3.2465525167190763,-0.4410356221007766,0.3435160098920437,-1.7646512498926872,-0.18899882227406492,0.4716017498699183,-2.5112263582125265,-0.32323645238787907,0.5531604146638248,-2.9474861655529914,-0.4318742071239604,0.6149854704454482,-3.3031778175796904,-0.5006886272955233,0.003955992084468109,-1.696277210101643,-0.25121505204799377,0.08132858714253438,-2.2829275261713216,-0.3774254492423213,0.12748585868539195,-2.6047362974460273,-0.4345225772281394,0.17393500975969822,-2.8781884563586284,-0.46714259198093144,B
0.0,0.0,0.0,0.5107813018427506,-0.1517875904112651,-0.2597686631770996,0.9467225611418595,-0.5578299516881908,-0.37405016426293425,1.1107416365026344,-1.0287199737149058,-0.4686177160335273,0.9866616947148681,-1.4316311472720649,-0.5611191495131963,0.9917461563932376,-1.5212554140307635,-0.19604409049478022,1.236915826830356,-2.215484416565282,-0.36491963509888736,1.3291988871268117,-2.665717459053301,-0.5132402531510861,1.380062580746057,-3.042183611831415,-0.6183771801568705,0.6891645877002863,-1.7755072748706622,-0.19073588016894288,0.8848622035047226,-2.5583132582258035,-0.34031257850763114,0.9625466345624893,-3.0466301311955446,-0.48321084855688834,0.9950855726230754,-3.411188458556107,-0.5809114068133492,0.3642728214997042,-1.8311634575835032,-0.2189653125783539,0.5025194153686203,-2.61827433904903,-0.3719169537113894,0.5645372377330937,-3.08274646092605,-0.4957261418522288,0.6047900074159922,-3.4428259353029067,-0.5746104331154467,0.018534115745415476,-1.738733602654171,-0.27061996736648375,0.06714367107590054,-2.3483823830838904,-0.4137562532728468,0.09243276495509387,-2.705666616048378,-0.48282971601613295,0.12378829253918824,-2.9946661245021184,-0.5203719987869766,B
0.0,0.0,0.0,0.4623647634602809,-0.33766649183139774,-0.2687815062653537,1.021438642485719,-1.021392335397061,-0.373359407855653,1.2604590388206887,-1.6570000752520233,-0.47772817775604853,1.345027779365114,-2.184971906150276,-0.5862620063548105,1.2839686438727926,-2.554699698650073,-0.12548256337548555,1.4567881383427008,-3.655746464799377,-0.3142302342513733,1.4944849877074569,-4.3732635266978095,-0.5135054123477805,1.4540596191084123,-5.012582071906053,-0.6823990014385958,1.057684856316663,-2.7856343494525486,-0.19843773951384724,1.4504001594389286,-3.87225057912392,-0.389560890558373,1.5858812645982516,-4.581890157422269,-0.632793792362601,1.6173384137161813,-5.212278872445693,-0.8094656527158839,0.7454623102045196,-2.73569227430155,-0.3103021394827259,1.0791080031150408,-3.7574963349013935,-0.5580534914527141,1.2153228236998346,-4.452673705552365,-0.774589636846355,1.2765590298213243,-5.048330664483751,-0.9283361892338249,0.3389033469714573,-2.4777704280686925,-0.44318284968415045,0.4412652864163047,-3.221204103897033,-0.6881592553646413,0.4377399493507576,-3.4344187353951523,-0.7475621326548615,0.40770296426270414,-3.523841802456296,-0.772740232497261,B
0.0,0.0,0.0,0.5756081941548097,-0.1379803799622571,-0.21303887681730457,1.0656678787219624,-0.566841923809238,-0.2812135478071997,1.1625390863089247,-1.125759403328371,-0.33520286516105197,1.0166573022304664,-1.5315498237843117,-0.3888820858459839,1.0254080978323714,-1.5818702513563931,-0.11964937909184516,1.2401438941476914,-2.266743891125589,-0.26103338593818703,1.3136527092794874,-2.711217731916276,-0.39311649153797334,1.3655577506030356,-3.1024763364196364,-0.4910746279259228,0.7291293433567134,-1.837303247982282,-0.12772967769264287,0.9487651312832861,-2.618182885225877,-0.24776858611601518,1.049822085090486,-3.1022658799057696,-0.37839351951571104,1.1105215951813985,-3.4931303942704193,-0.47569595662618447,0.41479844068590477,-1.910640465400974,-0.16746051250027758,0.550113725905569,-2.6643670857574544,-0.2956373414519064,0.6265286978979652,-3.128592889364277,-0.4114580604250899,0.673905141458261,-3.500669001618435,-0.4910977110852256,0.06446090445149086,-1.8358321156843707,-0.22957600462208938,0.172265190380551,-2.4679244997552923,-0.3459782515666466,0.23664012403389367,-2.8370188008464794,-0.4043659424172565,0.28389552071039686,-3.149505114072221,-0.44332812306499825,B
0.0,0.0,0.0,1.0228574124797225,-0.5793191056737568,0.07612972413301564,1.8653333530700715,-1.4430463870147738,-0.009706496813876036,2.548622587469484,-1.9668801837251506,-0.19201539186068917,3.188333540862638,-2.3175862384572463,-0.36385925058520796,0.7059967092325113,-3.4416988506680455,0.3308656582390637,1.2700668177923369,-4.280533109027265,0.15973463885848016,1.8857502118003269,-4.44456708487188,-0.054983874969252465,2.377730907079395,-4.390889483529798,-0.20929094607251802,0.4036852235841318,-3.500650055093123,0.09161719203770002,1.1342637930111692,-4.545022825233927,-0.0894761404977183,1.8492384242227762,-4.591584093220336,-0.27292889265002196,2.390781559306622,-4.346789230315453,-0.3912811447261219,0.23611598048758187,-3.379188806052605,-0.1836061038794115,1.0586155395400483,-4.453713384982617,-0.3719922510997292,1.8134237221102187,-4.548601870800087,-0.46153578360092096,2.3926983759572225,-4.339589381406485,-0.504079717744509,0.22754283953695112,-3.0864169518304756,-0.4721640217427625,1.0252470349239708,-3.890061527701788,-0.6267201609354414,1.6394446602983612,-4.147359477149802,-0.6609825850524007,2.1474987320238745,-4.195387655419067,-0.6642121618063399,C
0.0,0.0,0.0,1.1098197611109655,-0.5139729394788015,0.10330329175540824,2.0121421785711675,-1.2795341661237063,0.025963508466507558,2.7265392803546917,-1.7903538263930254,-0.16657929213859007,3.436546381036941,-2.1361803217137094,-0.3519389297107695,0.9152978721155515,-3.4097275967144585,0.41589610686409806,1.4636458943527697,-4.388174224374953,0.22737853429461263,2.1227846709068214,-4.633739458959274,-0.0065979754277655815,2.6729349802518447,-4.599085209738734,-0.1611587911649246,0.6260264519377808,-3.5297055312602033,0.15539929741069228,1.36845230045605,-4.708315958721886,-0.02286105758747161,2.1477592208292626,-4.8410791386495635,-0.2161564939803765,2.757887649009511,-4.599950191833812,-0.3386992251950613,0.46276759055436095,-3.4658675383100683,-0.1493949374879406,1.3227087782724378,-4.645935995791548,-0.3366028098215438,2.139145561337305,-4.782098352848714,-0.4600488316767488,2.7720094219095923,-4.544585551915396,-0.5221703757819631,0.4694928986665115,-3.26070767135771,-0.4667425437142516,1.2828219659600153,-4.1530987057663955,-0.6034300103553707,1.9399299149864921,-4.369293603493589,-0.6346707986701878,2.473278887332551,-4.318919244892932,-0.6355148071191479,C
0.0,0.0,0.0,1.2008001331814462,-0.35950160619349786,-0.07615736936983702,2.3043912514304448,-1.0679874674936407,-0.22161001416863305,3.1692083824991215,-1.5132098441580992,-0.4467859461419365,3.9427052641647644,-1.7657166227688579,-0.6557152654105208,1.3986468036493347,-3.4922170788626987,0.26655376283917376,1.992859703604073,-4.664057642235365,-0.00467790657014152,2.6968746999847784,-4.880619966702119,-0.30565668706361737,3.283883967382742,-4.750707300081894,-0.4865791008795931,1.077763769351691,-3.649860045394514,0.08502836727186751,1.8372924674789246,-4.96113674868504,-0.16030038857164092,2.645348397885421,-5.057171973341705,-0.4095396032391492,3.2878127171444245,-4.757331566877968,-0.5561012584254275,0.8268484633093123,-3.6435829225152467,-0.15683058407097789,1.6981757316671684,-4.917618533652869,-0.39410423139138834,2.553699233584042,-5.0385498421332136,-0.5587452586685127,3.2322578019648507,-4.7659150568757545,-0.631599512369016,0.6775543872333304,-3.4575232938984266,-0.42541593900634844,1.5050250148684285,-4.42034042078762,-0.5987197128832693,2.1945217868927687,-4.651508151872951,-0.6503795623570151,2.765466533629133,-4.604334622356035,-0.6512601032053567,C
0.0,0.0,0.0,1.0392805933461005,-0.2380680933762543,-0.0908996156610855,2.0979768223498265,-0.8276050283110733,-0.2067921252886503,2.952392852605416,-1.0541741948491188,-0.395427040198596,3.6792374148348705,-1.136431549652191,-0.5795376685092679,1.4931299116746028,-2.833878049083912,0.19208807416146848,2.122457528142247,-3.938437725388597,-0.08854483237388938,2.7502568062326613,-4.060014104185002,-0.3750441654380502,3.2609310610292175,-3.8251265501514724,-0.5416117487395947,1.2049835440532235,-2.9946530882285556,0.03327153292082694,1.945890358888192,-4.1705219261532696,-0.2258113525533606,2.659646074502392,-4.214852836345193,-0.49537540157015264,3.211868180092408,-3.8625932336299105,-0.6581642574570462,0.9442164067473822,-3.0415249309514873,-0.1823235017843681,1.723594101750956,-4.201082395600166,-0.41863168141643814,2.4607759416857427,-4.231859799523685,-0.5968671467745763,3.009517998397569,-3.8712629150197944,-0.6806469354882771,0.719540868253652,-2.979210152647641,-0.424708952073905,1.3969719554405313,-3.897264261514468,-0.6085739983107403,1.9907943959715766,-4.044557172831402,-0.6806165384194764,2.4602517999986797,-3.8654966566734674,-0.6955534393442397,C
0.0,0.0,0.0,0.8264565463221556,-0.26913107259315217,-0.21384702605229808,1.8052897540199089,-0.9389988976939285,-0.32425357517717657,2.5397133012781308,-1.243528451234106,-0.46171356056753493,3.1654330432515656,-1.3874143142138478,-0.5929669169894065,1.2346635740056893,-2.5316536541651202,0.07130122575700934,1.6358749884760795,-3.54190835365044,-0.18676920332213887,2.090890466573504,-3.754821367491634,-0.4426236382407612,2.500625453718132,-3.6711056891776406,-0.5946242783427305,0.9229044667135765,-2.621991431933462,-0.004660339835522122,1.37854604654284,-3.6666659046044847,-0.22882536571216464,1.8684576550100296,-3.8971724901251,-0.4707203419452368,2.3171782113631556,-3.7622910775937783,-0.6183464281768202,0.6222733570794958,-2.6166746528767195,-0.14373785605254608,1.0878602351762334,-3.6283386463324416,-0.339411290440383,1.5588254853701198,-3.897344837623485,-0.4771360482068467,2.015019142267981,-3.8369554043368397,-0.5422947040717577,0.31581181633610855,-2.495679363051359,-0.3216584385933972,0.7478231414523475,-3.290778835995181,-0.4733572233534201,1.1291902954365356,-3.652052531962715,-0.5380026509710906,1.507915729568426,-3.7749911104665896,-0.5571739439200528,C
0.0,0.0,0.0,0.6450676494350062,-0.24547184548731535,-0.1952039288863528,1.2719526164220814,-0.7717693927783809,-0.2914797155737226,1.7508673572511186,-1.1349122376732736,-0.39439661058906383,2.1886062407696905,-1.3933484068312443,-0.4974777203709,0.8815693482746929,-1.9693520450749502,0.00800058508143418,1.090865001169595,-2.6749950355836587,-0.1519150931785277,1.3160891950813929,-2.945731677351516,-0.3148577900382695,1.5554900468713697,-3.090217753661945,-0.42103132801523124,0.5702989473844627,-2.0438167895742643,-0.013472148801480975,0.8194448919111457,-2.786223300237634,-0.16047370752177187,1.064321058286882,-3.0167917088329035,-0.3146918272730774,1.337064014114932,-3.0848191567967835,-0.41531794571802155,0.2484053757453165,-2.0332546045576714,-0.07887721937961559,0.48388430112508307,-2.769583517973069,-0.22856795574141944,0.7221464288748944,-3.011574515388092,-0.3241206536343945,1.0002361242734232,-3.079950397758941,-0.3717741813946464,-0.10134546846434775,-1.9272167307018175,-0.1711727341308172,0.1068733201220609,-2.5521169422792984,-0.29977457633577204,0.34094792277073127,-2.82521648984157,-0.3499019835299492,0.6152269810094361,-2.9610829903541913,-0.3662503841228003,C
0.0,0.0,0.0,0.7665744800782921,-0.24433526720494742,-0.24550309278398,1.490029359755353,-0.7719398796313232,-0.3708092453294236,2.102334329139163,-1.092892628918551,-0.5097156466277366,2.6529688649807586,-1.2776402582441715,-0.6433370473583111,0.993880525925879,-2.259620696270788,0.08402324287401229,1.296306940665447,-3.077413845610883,-0.11797988242251432,1.6346408190700628,-3.3399038161596857,-0.3413273941761384,1.9619337212633177,-3.4091708897841433,-0.47643378855984897,0.6859456647620948,-2.364384985929725,0.06594622005395523,1.016900068581216,-3.204050396342908,-0.09921103386006715,1.349438161128059,-3.4849693299116695,-0.29825253485000197,1.7044053387081048,-3.549222704127926,-0.4232050927619372,0.36942134764087536,-2.3992037154982633,-0.013065468322744295,0.6829460403863571,-3.2489747956573654,-0.1677780095741031,1.0192448746235458,-3.572430553767537,-0.2743568041567561,1.3895083095061151,-3.647982969885841,-0.3205404415487982,0.02014448739819286,-2.3355065423965278,-0.1306380382881689,0.31890566343833693,-3.0522128900737715,-0.24027274691702433,0.6087159254619261,-3.4362831508308784,-0.26562245874325646,0.9253965768269808,-3.634952002004945,-0.2598589570487195,C
0.0,0.0,0.0,1.0608704530496562,-0.20185239392654836,-0.03913998591826608,2.0566879112494147,-0.5673455736385169,-0.12318222511658569,2.7552864473949104,-0.6736266039614026,-0.2810506416624603,3.3180764165334593,-0.8228426320568462,-0.43341052381026646,1.6011348713215106,-2.700051793834011,0.26781618844559896,2.2910472188473974,-3.7376228731078345,0.007845025947464855,2.9084351049123085,-4.00161716338889,-0.26865720218963646,3.460769996127322,-4.03383243792015,-0.43365330280864905,1.3417903992735465,-2.8264326360409777,0.08534330800951082,2.0814550079575596,-3.9442944582708424,-0.10628324045968189,2.72644487137449,-4.211338521193796,-0.34319012312844305,3.274670350095284,-4.1644375486892455,-0.49972918489236445,1.0951843649507746,-2.847207293485354,-0.15453626935234988,1.819600110425298,-3.8968377305989903,-0.31296058165835133,2.475768592064527,-4.198423829686974,-0.42314059836717094,3.0333307575959907,-4.217259960178738,-0.4839309841645286,0.8807173873077468,-2.744663055049278,-0.4242881997069844,1.4522798194394955,-3.600114753870215,-0.5317534185848642,1.9588384807504502,-3.9990913884761623,-0.5343479020382161,2.4148138946055036,-4.17678536992542,-0.516923952042699,C
0.0,0.0,0.0,1.030498338310635,0.045246882310992435,-0.00591055532997756,2.0602939780100655,-0.37851276266959694,-0.0247574015011343,2.87204148306294,-0.5805861076133635,-0.1270175793701125,3.5112521922468334,-0.6818227415564073,-0.21207109667954901,1.7836109873585613,-2.6014474676277226,0.44153975621928204,2.4054809082337067,-3.4064632063383935,0.2550536575670087,3.022863704490149,-3.464229673660218,0.010912499993328195,3.5020285983409356,-3.28565841298949,-0.1441761490777791,1.5542743395384673,-2.811914336996564,0.26073174704102026,2.308617520716613,-3.7347179065088025,0.0828825975703382,2.9943801239180208,-3.658647813457041,-0.13144942617827837,3.519874552471563,-3.3104277294738247,-0.2618073130350814,1.327828902517314,-2.9066161976796536,0.015315120398462913,2.1427309954215623,-3.8491854593870767,-0.17698030403854023,2.8675964555960607,-3.787034411790734,-0.32089987437103146,3.4062187190335735,-3.4252142492332216,-0.38717897272296875,1.1222987337603658,-2.8784791090494557,-0.25553955985031435,1.8844574130866278,-3.5632864307287195,-0.4193436928611832,2.4989409029380094,-3.626438095241477,-0.48924429314745715,3.00150533671765,-3.4500224246269315,-0.5098387730191626,C
0.0,0.0,0.0,1.065591109095261,0.03432499114197425,0.2260708713658983,1.9518514629484114,-0.29025134073729714,0.2607287514577479,2.632308274841104,-0.4206643132198125,0.16632588586263153,3.2695948552759306,-0.4659782832683192,0.07658885327405413,1.4957121183538213,-2.661409724948716,0.6272507057811465,2.2181824968158588,-3.227625011434331,0.5366390788988411,2.867149670214272,-3.249950763672639,0.347616742168649,3.3620737241808083,-3.0861303148652186,0.21387769566606055,1.306596746614877,-2.8917072689642813,0.34707080843126326,2.197464548520531,-3.5628233162933074,0.2741347567053747,2.9172903644195785,-3.457969590505501,0.12456300040610067,3.443808726440753,-3.134186892381355,0.006120118342088655,1.1984783904887901,-2.9644718249152464,0.024575267974521604,2.192894861005625,-3.6943081580711428,-0.0865007976728367,2.957283410994654,-3.5708828724409365,-0.20266811049740222,3.4880389028136456,-3.196059851864856,-0.2818323944035739,1.2126670781075575,-2.8977131818390474,-0.302290138643492,2.1209669990719586,-3.4265369240504038,-0.39709417889751136,2.7695645166812564,-3.389831031643052,-0.42535562265996485,3.2697074744231522,-3.158930643957066,-0.4399599660209956,C
0.0,0.0,0.0,0.9756304382895672,0.3420742013710254,0.019288529718593607,1.9110186031572713,0.22983526381339808,-0.023975397097377327,2.669445375774109,0.25823208616459253,-0.16101006027011155,3.339595036168102,0.30659735729977633,-0.28585354524673473,1.7754426862428085,-2.0491079982537044,0.5627591344334755,2.48438134420018,-2.574323146334198,0.45547844367266477,3.105644245462356,-2.5534839848591333,0.2362263862646614,3.5642451745855475,-2.3607299628723917,0.09069166847680846,1.6382224378074306,-2.3226582070581365,0.38964929513972346,2.462267434288901,-2.904542500454435,0.3281832775268105,3.119289065025912,-2.834671722070711,0.14180292431348246,3.613203971098281,-2.527322670361374,0.002817620685806362,1.4850004946285185,-2.5491006668333798,0.15193291184342494,2.4075597415730448,-3.1563429013272195,0.05762050344295543,3.098377866169931,-3.0333265451725087,-0.06157437854217169,3.579095837264441,-2.6754918176810167,-0.13089713817849538,1.3481435651577616,-2.6533998321900167,-0.1097338696623553,2.2565866175027365,-3.04530902386992,-0.17828284530161026,2.8803332423765045,-2.945208384996686,-0.18660252659774526,3.3382122316605134,-2.6484229887867135,-0.17520218285641004,C
0.0,0.0,0.0,1.018923724560899,0.10011334186778076,-0.19691506189188723,2.11015898113248,-0.1917067605707063,-0.3152120721649511,2.940519555672639,-0.3824032871272458,-0.4773735467972291,3.676204224362444,-0.5667922181163407,-0.6169266049770118,1.762509441964864,-2.426836782872494,0.19706019322801868,2.391812224282176,-3.447374335047621,-0.07123815021382308,3.022861268252548,-3.4820406425841757,-0.36054730513310423,3.5387716495007377,-3.239002957923895,-0.5375993585358038,1.4957295600993712,-2.681072784239392,0.08811343199408518,2.1953463276749834,-3.7576027688837486,-0.1602440712334703,2.9133926500518954,-3.7060383873539253,-0.4353624559564161,3.468856664231226,-3.2830975503019086,-0.6122289637526271,1.240689616201872,-2.824737399351517,-0.09489773532029243,2.0192234879429827,-3.7994290038786924,-0.34407696231132756,2.745063893079613,-3.7617158645128566,-0.5279938052152833,3.3039338390781348,-3.3639519267533973,-0.6159165301383724,0.9945236018422593,-2.809131406173006,-0.31679637271883837,1.7350251342265033,-3.5558683745522544,-0.5181862050919295,2.3733274886313636,-3.6722286563890467,-0.6146689654127893,2.8962118803218893,-3.490156472143364,-0.6506016734456745,C
0.0,0.0,0.0,0.9911511062647399,-0.23895527778455883,-0.10043526945186208,2.000705679173202,-0.911432763725473,-0.21181266010532646,2.843052239210602,-1.2211630392427866,-0.37656673870873053,3.567071235153176,-1.303095275767151,-0.5327032482161346,1.4410376681838066,-2.760731852442097,0.1297242651282219,2.0958017323594706,-3.5480503599339785,-0.11221346351342933,2.699121134937471,-3.5999913696021224,-0.3599893941200435,3.1811659067521707,-3.452023654115561,-0.5205796534012532,1.1014425227123608,-2.9733110727008505,-0.013959862119057328,1.9056777225209938,-3.8713068770000247,-0.23081216057911058,2.5700078364757384,-3.864427613803679,-0.42563308156509805,3.0931518931081152,-3.6046234471744967,-0.5527827408044023,0.8221846895586239,-2.9913551409703687,-0.21133924732583198,1.7084028199780883,-3.8723025996536093,-0.4405588960457974,2.402596290630653,-3.888919667220498,-0.5551218567493542,2.9430754549501708,-3.6247906140503665,-0.6059557775571696,0.6180963504689635,-2.8251451206373597,-0.4347387704003791,1.458847938353053,-3.487714560872582,-0.6235965630194229,2.072685228930658,-3.613265653974834,-0.6773937707118113,2.570030535320425,-3.522586795964574,-0.6892515053083011,C
0.0,0.0,0.0,0.7679220572575453,-0.37152934946490257,0.00711043896330678,1.4391844471778414,-0.9324350863278905,-0.14360033003953612,2.0593174432643595,-1.1471620269841472,-0.3548148590038072,2.6074527821887528,-1.1890665851926656,-0.5728564393019637,0.7198804846131698,-2.637851524740935,-0.08814419919150122,1.2875919821743012,-3.227879833490962,-0.3997524651857512,1.8364617348639922,-3.2187177682729935,-0.6599430763219742,2.2810683924964157,-3.0246287718352574,-0.8243465589603656,0.4903213795634711,-2.6088424224363056,-0.2766822395152942,1.2447767702107844,-3.264831806564266,-0.5609011513157315,1.8484132204120904,-3.157471233331859,-0.7615094581121877,2.2827327739881857,-2.877672625684046,-0.8862293685492464,0.33839961134629953,-2.3803682797341574,-0.4798405639298437,1.1086504507143198,-2.907110015306111,-0.7360007717125733,1.71114447950294,-2.7773500636567565,-0.8453347499803343,2.1409938143813827,-2.5215587225510996,-0.893217525565497,0.2825947878679583,-1.969588594590548,-0.6899796215528586,0.945380275708325,-2.3534880599352475,-0.8898579205837593,1.4354737504084032,-2.379377955846829,-0.9504377010159158,1.8351063769158058,-2.2894014054888636,-0.9668771499729583,C
0.0,0.0,0.0,0.7044027766995783,-0.416911145532474,-0.06886676613038308,1.409919112473611,-1.0716820906639353,-0.21424754803768023,2.02476711818038,-1.3681377045071705,-0.4076752773688285,2.5662630291318482,-1.4567801404673215,-0.6091311241127555,0.7740030167401034,-2.529345468137849,-0.07571625260897324,1.20036676795565,-3.239639028299034,-0.3978568479445878,1.7232238263949635,-3.2680109466993454,-0.6778836043553919,2.1724387051421945,-3.105981498352615,-0.8556577707755445,0.49798272277215305,-2.561742315036018,-0.22662201522086217,1.080639582241944,-3.324605264412182,-0.5197483672201908,1.6710640478546077,-3.2651002487688516,-0.7438253271955235,2.122272812880279,-3.0055001947409976,-0.887144912654949,0.2487780504719147,-2.425188412341168,-0.4078814816497011,0.8572952210305689,-3.087364133613555,-0.681290759376768,1.4559351785565546,-3.023332360438211,-0.8088622133404828,1.921488375108957,-2.7796014745029543,-0.8710368609598971,0.039258385275535705,-2.1033933420756536,-0.6036510145228786,0.584373195345754,-2.5542923250392056,-0.8321903246686821,1.0744967651084105,-2.5755929754435036,-0.9095010939547967,1.49077581198234,-2.459392022827075,-0.9370224546700976,C
0.0,0.0,0.0,0.9589441321444695,-0.27058488304401646,-0.08052802678340576,1.8668874236102633,-0.7551830028613151,-0.20288762363461119,2.632222260587716,-0.9697528131935975,-0.38995747875432923,3.296657859988145,-1.147821988726422,-0.5804054515978972,1.364476133237147,-2.4387566154789435,0.16949832360208178,2.039203273477025,-3.1797616392583565,-0.07251191342904544,2.5824089270571906,-3.287771273051678,-0.3290835132391871,3.0336103800002254,-3.197143296305881,-0.48517753944535486,1.1003464894771227,-2.642225937977116,0.029442109028774158,1.8124654582111333,-3.576520283460477,-0.17025302384016638,2.375320749758393,-3.6537893681231437,-0.38640245668791867,2.8184034394096136,-3.4463953007003205,-0.5233941234822239,0.8246668177007189,-2.7278639060330097,-0.1612343703918186,1.4838729916475042,-3.7086772103778336,-0.3355306193948816,2.044407912253952,-3.7978579832035178,-0.4497335423659854,2.504005851934739,-3.6082607496632217,-0.5078371742578748,0.5640625153700709,-2.6833768913287472,-0.37776665881146926,1.119275060485188,-3.4462139072934397,-0.5044931558186839,1.5791169235982088,-3.673934176291008,-0.5258584261480608,1.9787170222857515,-3.674975216713106,-0.5186739867767423,C
0.0,0.0,0.0,0.9086333428742832,-0.10230053957116747,-0.09183408183429945,1.8569937436406976,-0.43675083355859917,-0.2076858932567382,2.62379374328815,-0.5596021723835791,-0.38522965258839825,3.2967299777865957,-0.6228582008630925,-0.559952407910409,1.5778090751476088,-2.2149682847082417,0.17923347005574802,2.2853255159293977,-2.8631167339319203,-0.08709335036910718,2.8561891200824405,-2.82542373635782,-0.36220882805651833,3.278405721772056,-2.6072171849634134,-0.5287814668038006,1.3457431629853824,-2.461814641555887,0.03841532339990572,2.139632476824782,-3.20944782957956,-0.21404672313624964,2.7483059853568514,-3.089854529893882,-0.4521828587736969,3.168221648567696,-2.7122455499828546,-0.5924509497790182,1.1078478524138906,-2.6105519810958486,-0.15648896038566554,1.9010894553189277,-3.4130014709848306,-0.37257497068636425,2.5173022718919076,-3.3121162122793586,-0.49460124563996294,2.950650999339478,-2.9247295723199733,-0.5421892897985539,0.8761480120650691,-2.6583833965860326,-0.3784893922264849,1.547667784821002,-3.366424146674762,-0.5297252087953339,2.0725374178117892,-3.4157936542196548,-0.56422231087265,2.469603705043685,-3.2072130202025653,-0.5580038504544405,C
0.0,0.0,0.0,0.9655371722883892,0.08991263762557893,-0.12608117920980158,1.9751669943112857,-0.14381094419770024,-0.2670715262348999,2.7471492310474823,-0.1555180120293622,-0.4587159705512816,3.447090754480323,-0.14297941164326103,-0.6496157095098053,1.6625241440604082,-2.043562890202108,0.07744520605048902,2.3692558471769223,-2.599755733952194,-0.2168011946913973,2.9661583020161197,-2.638626198562204,-0.4949332889447948,3.4657727870077557,-2.517419281822617,-0.6698009614155432,1.3994291184663976,-2.301560259701513,-0.067505188185719,2.230278771773949,-2.966209184845538,-0.3242740156201483,2.893334260944089,-2.9789941652477694,-0.551761919251559,3.4336978581687267,-2.762606899015995,-0.6966199366733803,1.13041628590887,-2.3920928644328976,-0.26868199289264455,2.015198390845126,-3.052325695592155,-0.5144149685694166,2.697251921693822,-3.0761817084583214,-0.6440080116324873,3.245289453007818,-2.877689129919825,-0.7045287435600441,0.8922431345551535,-2.319649105559676,-0.49739700541723203,1.6502627211924534,-2.8224330552153343,-0.6898810164190137,2.2140966929971406,-2.94940245238653,-0.7479434298058726,2.6846262848889793,-2.9017767935620267,-0.7648001245167926,C
0.0,0.0,0.0,1.026659975530741,-0.11240747441123794,0.10225474184533631,1.9816081757357369,-0.7039227017691534,0.04358255733496174,2.7883343676924053,-0.9048301909680234,-0.12052357523876478,3.472137196137872,-0.9628188582608571,-0.2839365645641893,1.3511602653863934,-2.966828083316891,0.3091481641902167,2.177253478966596,-3.590080427979993,0.07553845835880568,2.923491394605325,-3.508578752940253,-0.18348647597873247,3.482343461721717,-3.1787406384950723,-0.3521532788897042,1.106870845683648,-3.0920799853260275,0.04928115373888472,2.1240378207624255,-3.7667439717249547,-0.14843423762412516,2.9368532752027647,-3.6132371566124615,-0.3258815821664191,3.517120261947705,-3.2090116389682257,-0.4470333804753408,0.9635179853326415,-3.0474899575868846,-0.2559899937152551,2.0452817569934743,-3.7579189946125626,-0.4306145861963571,2.85197684521793,-3.6130038786208654,-0.5043233625107683,3.406940945807715,-3.2026325462525715,-0.5459606563987047,0.9209122343280776,-2.810495069991058,-0.5799224858229907,1.8094306384594745,-3.4082366990155823,-0.7269497838117049,2.465922976216048,-3.4840421496423417,-0.7554743804114072,2.9690329137889795,-3.3208846947078063,-0.7591859746383068,C
0.0,0.0,0.0,0.9434854191169538,-0.4166495515423039,0.11669560615408714,1.6613571493758716,-0.937500673983842,0.03092142937606187,2.2759687529563366,-1.0906720708654805,-0.14242174534683053,2.805971344359659,-1.2008473420214931,-0.31606717083541974,0.8992575267069317,-2.6279989406450928,0.19406361713018477,1.4947956807529648,-3.219350034667863,-0.02680825320626413,2.0402326979121796,-3.1834079032937006,-0.2624445756468648,2.453694487766129,-2.9672765037409525,-0.4222557347099879,0.6952597127259292,-2.6102251048925327,-0.03995881795475542,1.480494143740962,-3.187143175280286,-0.23833244366773565,2.0843191107158385,-3.103494541397639,-0.4315669927903904,2.5160633265801664,-2.8326510320622136,-0.5665818621031861,0.587060948487065,-2.4090516235738737,-0.29463905885605046,1.3960418636184526,-2.9238922295041894,-0.46362760618151977,1.9973128344279023,-2.883418543154467,-0.544427220788352,2.4292211455977517,-2.6850809653209775,-0.593491125449523,0.597490467424547,-2.038861029460896,-0.5555050345206054,1.2567238973375845,-2.4288009143505986,-0.6767196595716398,1.7358564180827023,-2.510177459387561,-0.6956865391981188,2.1223050701581334,-2.478172563452934,-0.6986028467532611,C
0.0,0.0,0.0,0.7643492191539795,-0.5066088275735339,-0.08246318060079619,1.5055708631745524,-1.2721824214064252,-0.19395499055663834,2.1461602225723397,-1.6201423118568428,-0.349858151241917,2.682019058772046,-1.7775926388185357,-0.5058395156392465,0.8099849008046555,-2.73356041590966,0.0428400166354781,1.1918744203946525,-3.610054738316357,-0.22906369643269722,1.7007382033466396,-3.670409800827876,-0.4809514118189735,2.1432275483642966,-3.4865553242260816,-0.6367961122539725,0.5208426032895386,-2.773188484199856,-0.08416848710513773,0.9842538567043009,-3.7524205003867173,-0.3355057047184583,1.545548992843669,-3.7738868242403196,-0.5465409771356263,1.9956461517971265,-3.5232473577189976,-0.6728389219135424,0.24705651829579647,-2.6632019994341127,-0.2515890959820851,0.7237712243059448,-3.6063390468159446,-0.4825877387285988,1.2860890997699668,-3.6643865047176205,-0.6076144356089656,1.7594661805689369,-3.461834829794036,-0.6645533191358766,0.0042113784129634065,-2.388322602741727,-0.43834589647037003,0.4287798212227235,-3.0563136466849867,-0.6405307770811222,0.8874016748756492,-3.238569603006079,-0.7187281880271083,1.3056214045173098,-3.2400885893414904,-0.7437432941156535,C
0.0,0.0,0.0,0.9496013157952349,-0.2716225699518233,-0.06387140593662839,1.868210930177851,-0.8784807432046605,-0.19992204289574567,2.6428267660916798,-1.1370662689648592,-0.4066723816312411,3.322385192098157,-1.294573493192235,-0.6149761570784765,1.3197659577058207,-2.695274020643992,0.08650262383405352,1.9292546418388932,-3.5007061073278223,-0.2199194747584393,2.5220424228092466,-3.532141118193317,-0.5051641520156412,3.01659220464274,-3.3463707310168,-0.6801170080675925,1.0332975161187359,-2.879949246158052,-0.08172039668129986,1.7563433506933388,-3.858439353172544,-0.3784085943025882,2.433597816303882,-3.8185714726302256,-0.6179649057032015,2.963180283745789,-3.5189167601483646,-0.7551449476385876,0.7642935938364372,-2.8954188729248957,-0.2953012423936271,1.521697784147473,-3.9042450828653585,-0.5816955584256293,2.2401088496112314,-3.8578886504437597,-0.7275270028667218,2.799497946153702,-3.531890742009369,-0.7788229796480169,0.5304235066433491,-2.7366566458802226,-0.5260542904843203,1.2217408719822433,-3.543916291393023,-0.7540061574577926,1.8020435602487783,-3.6592660354109015,-0.8193925066659266,2.277618448740151,-3.5301843128055514,-0.8244759705029302,C
0.0,0.0,0.0,1.004449047551802,-0.1925467291294316,-0.06760326474288389,1.9231059937424093,-0.7754993551588065,-0.17930749923854172,2.729652276392684,-1.0395094756338037,-0.3661814922971829,3.4309582904432268,-1.2097408850261566,-0.5468507280456115,1.3990889952344743,-2.6846767066760813,0.22933339859474083,2.047888035185507,-3.3656779980904896,-0.019695731615804013,2.648450055339418,-3.4400386752457393,-0.2764436502246341,3.122848389677612,-3.3171107941393547,-0.44622165746860537,1.1597426693628698,-2.918032914973028,0.059820249932321864,1.9047490370478153,-3.822270751214578,-0.24167906554179264,2.582482467038909,-3.717124088219673,-0.492019481898844,3.092665070060816,-3.34462058381006,-0.622135920832099,0.9067606996319252,-3.0056772532680966,-0.16557312070013733,1.6728058887031902,-4.004684994188612,-0.4491861020940814,2.3959104682614236,-3.9520158131163527,-0.6096041098478331,2.957351115806106,-3.6117286651242684,-0.6670669317162672,0.6756574371936258,-2.938729370654021,-0.4126198900145648,1.3909760820599355,-3.688030055743982,-0.642994543414948,2.0176963808230757,-3.8416842972020153,-0.7478708480983083,2.5559747702472775,-3.7566262945910065,-0.7850773930396133,C
0.0,0.0,0.0,0.6737207043086849,-0.5380477160675252,-0.1811251932229471,1.2097328537903798,-1.416113679004235,-0.2948414725953487,1.5734190031912927,-2.1351759737869966,-0.44740087255951466,1.5998435113455491,-2.857918013831354,-0.5929471595728691,0.5503461492653493,-2.8010922167937853,0.025783764055168277,0.621604375486574,-3.9675633108047954,-0.18701701548479893,0.8496839328096418,-4.647704640590503,-0.3703383694562472,1.0329519041201796,-5.157874121980672,-0.4921377992897211,0.2585775283389259,-2.804060241778447,-0.06539307227622607,0.3816457291550378,-4.0118588704954234,-0.44342696754147964,0.9327536870310499,-3.911399145710432,-0.6868327541545782,1.3007340374154612,-3.4699124183118615,-0.7660882235203058,-0.03003494514011129,-2.6787240878049032,-0.19473513265326195,0.14470111918449513,-3.800946215924102,-0.5475270148660988,0.7526476873927506,-3.65306099301293,-0.6712212834524128,1.1511714377468671,-3.200220521687556,-0.6609983855834671,-0.30967345296693816,-2.451729583571793,-0.34611949525350433,-0.062345997352447266,-3.3708924419103243,-0.6237932372278598,0.41803665087631287,-3.407515167780715,-0.707013620464507,0.7696043356273334,-3.1504233992015758,-0.7038884870144584,D
0.0,0.0,0.0,0.6931413196270859,-0.5092281934315176,-0.2186671893470697,1.2789407435027025,-1.354171856176544,-0.3273722305985757,1.684635672445089,-2.06331652393389,-0.46887219658177226,1.7611306119834673,-2.7787785518068104,-0.6050330928572004,0.6808703118534433,-2.6273700826672424,0.025606190727182315,0.8022976378494953,-3.8228852422583763,-0.17788668778350541,0.9690926224474884,-4.530912159536558,-0.357835884150657,1.1002290011506537,-5.07104112679683,-0.4847162726612812,0.4016432313060077,-2.6809617826254066,-0.043052995453147766,0.6465890820781783,-3.8729640121391666,-0.41767600888565076,1.1479853339247352,-3.8063626428473194,-0.6831024933549202,1.477387582939259,-3.3855278132347677,-0.7880365682825227,0.08686222308322163,-2.605789810188558,-0.15501238071610782,0.28834473088462037,-3.7881462670487873,-0.48614746639650774,0.7897888863231415,-3.6799953328552557,-0.6264007561838955,1.135025342390126,-3.2357622598788605,-0.644390624874745,-0.2483635650679864,-2.4433505040450867,-0.2948016691409766,-0.03058023374425344,-3.3351793638732903,-0.5584468866346701,0.393761611921973,-3.4373322952310086,-0.6625671549386031,0.7283084701525033,-3.2368326981684308,-0.6871531560371518,D
0.0,0.0,0.0,0.741720498723033,-0.5317375255564488,-0.15498206575996806,1.390595119062295,-1.4397984136213766,-0.24512286312061315,1.857954689026182,-2.1316900525261406,-0.38327652904547194,1.9258667355707875,-2.805758960916805,-0.5099181075562315,0.6829708666513356,-2.8182749695987397,0.1148243150434771,0.7972723399632274,-4.0302412223621165,-0.07351595675090025,0.9960163042062933,-4.7566712364087556,-0.2524937776015225,1.1675328933055982,-5.312896349413653,-0.3865005933238924,0.38426874682488543,-2.8645056533021345,0.007800868438986759,0.6398386123801934,-4.010881035877364,-0.3922301890401467,1.2123066684448331,-3.8289773589640914,-0.6733149154453268,1.6044855233497048,-3.332530768259818,-0.7758987988929312,0.08543257730003806,-2.7857126516336765,-0.13788686168943798,0.3106572363493012,-3.943799156763183,-0.4809327999641905,0.9091556272685054,-3.845857626028495,-0.6337325529404585,1.3484065041153968,-3.410918093209442,-0.6542961000401,-0.19326674060153543,-2.5870192499961466,-0.30793855913878904,0.10159850057692969,-3.463010511531349,-0.5786988681687674,0.5807144642651666,-3.570518369645958,-0.6957159135095125,0.9835314561998635,-3.3776914061251295,-0.7259810870541786,D
0.0,0.0,0.0,0.6635883603458805,-0.5123523344672788,-0.13601857195196984,1.2748916014981007,-1.482895757645296,-0.17520315508281709,1.7020417105208123,-2.2009769458324473,-0.2517637053997053,1.7063128922703479,-2.779557346321123,-0.31770048946635265,0.6438706693458751,-2.776831241284223,0.11439744597694398,0.8179214586980708,-3.9118851506542582,-0.03360118879555387,1.048364088537312,-4.639706229933808,-0.172531254801843,1.2452307058320735,-5.19948917284864,-0.2762111314235247,0.35432925442418145,-2.7834671408547162,0.022265213590468697,0.5239172576119091,-3.9384814401503383,-0.30901149536640965,1.0314395641194327,-3.8880937368989947,-0.5360500199629954,1.394036549047949,-3.5336841150674387,-0.6151385676617261,0.056730341620092974,-2.670913385178544,-0.10536875966260549,0.27569107689450806,-3.810964444136914,-0.4392568916779539,0.874982850168408,-3.701876599433075,-0.592589389196608,1.2982657434164002,-3.2824295201251332,-0.6105770520001194,-0.23337896749808093,-2.465531548343493,-0.2510140697586098,0.08873253678969725,-3.353676557348788,-0.5276250141680704,0.604526299442957,-3.434403755235711,-0.6514417497120777,1.024972915115463,-3.2420339871125163,-0.687222410555874,D
0.0,0.0,0.0,0.5484647770134118,-0.6090309558418027,-0.14617760759247406,0.9970701726164081,-1.4081200522027628,-0.2292013377575463,1.2676652244937163,-2.0046424424580183,-0.34747576982681144,1.2551060070185682,-2.4643663360918495,-0.46331766026413745,0.40964102181390366,-2.4073233229020183,-0.0021006398976648696,0.5941017201597069,-3.394438356993518,-0.2101797920051488,0.7803732235229865,-4.035278290393613,-0.3903974500637658,0.9451380983795806,-4.538331606861598,-0.5154896161266164,0.11956255759313125,-2.3915607819558455,-0.09141567182485612,0.18224774184181516,-3.373465615732003,-0.4455793893003066,0.6194207202495433,-3.429374680189934,-0.6884888439257263,0.9922933727349801,-3.1767553300042723,-0.7859866320905039,-0.1611465326854218,-2.2416458970846658,-0.20971546175115385,-0.09158800969850914,-3.1613624661482906,-0.5176077535205927,0.4070567542878344,-3.23545760102875,-0.6555303952825748,0.840129380616738,-3.0015618848575416,-0.6800463689086776,-0.42570951650654354,-1.9809512470139392,-0.3490823844183662,-0.2875274880569689,-2.723188500216239,-0.5859809610418022,0.10383392073368343,-2.9062346220279744,-0.6793841669497431,0.47012427859885936,-2.824681813517001,-0.7011540627322608,D
0.0,0.0,0.0,0.4480898195675658,-0.4977284317003558,-0.13137464347748976,0.8412058123331433,-1.1869687140857692,-0.21768773852508824,1.0037398501612331,-1.7344195529397968,-0.3236656825167074,0.8265208541764864,-2.090687997054245,-0.4357901781195114,0.29610234709064853,-2.0703584027660824,-0.07699973443208154,0.3614045859826143,-2.9483362369288773,-0.2553539581700791,0.4582352182438148,-3.4899923400314514,-0.4072948226479527,0.531256298290821,-3.9104875211000207,-0.5098021303133488,0.02665190476311802,-2.0115524245442233,-0.13443388719467073,0.04827435923114729,-2.8467292884774147,-0.4227092506472101,0.38282033546554617,-2.7955793448958937,-0.613445043366103,0.6296403980169456,-2.486811388349155,-0.6878555386715917,-0.24274622530279938,-1.8273356697947567,-0.20642333048672692,-0.22099513673250565,-2.6074065747393322,-0.4483970356586835,0.15138437093193693,-2.5714767962220355,-0.5282575861529755,0.4339394323031376,-2.290592706149595,-0.5293840090688802,-0.5233462550245654,-1.5396582998890083,-0.2934746505255735,-0.4507253876294747,-2.1451601667577855,-0.4781105195078045,-0.14788103944220565,-2.2302462987772564,-0.5306488050719241,0.11795381468830222,-2.1153444036919997,-0.5317425924507586,D
0.0,0.0,0.0,0.6179334860634377,-0.4588993163626418,-0.1376933636102864,1.1111624405407148,-1.2541291054890993,-0.2298161808080296,1.438714035034277,-1.840192451017864,-0.36048874603281683,1.4717677178215562,-2.2789173382667607,-0.49360855228065453,0.5479440436873705,-2.361776210879282,0.00313320687410497,0.6639843037692077,-3.387102185879308,-0.17923287016465925,0.8455574402719402,-4.060883730896035,-0.3557804772419148,0.9675692586052453,-4.584682493903431,-0.4922825247115169,0.2726695068531135,-2.369489428141886,-0.09225829008299843,0.3766909735834004,-3.4578454860934937,-0.4438416556684731,0.8185135179914391,-3.4287903060286684,-0.6857609847717537,1.0950840208582149,-3.094882583913517,-0.7851410593973689,-0.015172116654144006,-2.245804351026,-0.21200337873445255,0.09186841973864714,-3.320635719104835,-0.521838245278655,0.5595873634438732,-3.228419840758368,-0.6281624893843823,0.859942226635694,-2.852527112395446,-0.6326738119054983,-0.31233654578106973,-1.9950520237907767,-0.3510287306461599,-0.14453313933159867,-2.7613765312256255,-0.6034099747604793,0.2498944137302601,-2.8488389575185114,-0.688562483494492,0.5503187686436449,-2.68600566448488,-0.7068775542676456,D
0.0,0.0,0.0,0.7631396349132041,-0.4865342260329508,-0.2507107426318203,1.4354504904095908,-1.351222454853888,-0.36468691434938527,1.9449151927601762,-2.056361906939432,-0.5100635684249678,2.075629553388454,-2.7875798965948113,-0.6439797944558189,0.6985709676721902,-2.7688786338786184,0.11272338215445428,0.978864553130011,-3.9098441469111562,-0.11667249235950616,1.2846587711934951,-4.655129099187262,-0.34555475758095877,1.5418601222456239,-5.188091352862191,-0.5037747619024688,0.40354403157275553,-2.8612724573610886,0.052164535467030086,0.6407892273907959,-3.9872898639997767,-0.3079142035090237,1.1393631401773332,-4.183262322352642,-0.597755289365517,1.5583244226842317,-4.044341619063269,-0.7448792821896792,0.08598894055418906,-2.8188973684810015,-0.07155567445438213,0.3433506671466143,-3.930498949613893,-0.4208540692703511,0.8662260827806203,-4.043914872654319,-0.6007606025613763,1.3199782579990402,-3.8207334135122286,-0.6582667549890425,-0.23382431180763383,-2.6528441653785224,-0.22958502399947195,0.07508847315581277,-3.486591897002817,-0.5243437890378557,0.5560077118813684,-3.703480920434535,-0.6613648717033709,1.0033619169103132,-3.6491670707874277,-0.7136900992144949,D
0.0,0.0,0.0,0.8339242402733485,-0.3728951880127438,0.019274045658936482,1.563908282605385,-1.2133794681127024,0.02976268251760417,2.1182909223440127,-1.7946318020593424,-0.06042751762932482,2.3883491314515597,-2.4171212269895666,-0.14406502337513902,0.9933008115398744,-2.7934926535862354,0.44672873086008674,1.261220032743216,-3.87206682906634,0.35896034943556143,1.5666338825769643,-4.508270610508979,0.2352558949558665,1.8109235725681292,-4.977457811690891,0.13579463408352435,0.7702512816571919,-2.902649508840981,0.24737496876556844,1.2524050111628415,-3.936228801400682,-0.07538810541858398,1.8611943871920498,-3.6652983389838947,-0.33864639865215357,2.2270839554803175,-3.118102719042842,-0.4307485172455882,0.5182058443153271,-2.9261737769121483,0.006419447747271222,1.0341265586957267,-3.9766089686586685,-0.3266544805451002,1.6604841485649942,-3.6472176060640655,-0.5011372387088533,2.0405576696112493,-3.044664304660496,-0.5198869802081334,0.2773617337408028,-2.8932591168879034,-0.24426901854326102,0.7525916013014012,-3.7884649007292284,-0.49307937081387204,1.2949221223805476,-3.8011981638885444,-0.600543712287991,1.705900595035558,-3.516026007282051,-0.6209459829038979,D
0.0,0.0,0.0,0.8644403476890764,-0.3566415904500376,-0.09991771288059928,1.6566314565433096,-1.1385095589132046,-0.1306822993519451,2.253892989447949,-1.7167102683753863,-0.23427698594690258,2.5474453107059203,-2.405166589165439,-0.32064987208674717,1.1862279437398062,-2.6835322333776452,0.3721019403803947,1.5623022478815054,-3.736849382539785,0.27441216097708543,1.8985883502364826,-4.336579177674733,0.14703937047989168,2.1745587200242986,-4.801104275760289,0.04128709501080732,0.9527625440701245,-2.835477205055926,0.22596617896023338,1.422587947109289,-3.910784537458381,-0.10258077217923385,1.969662253688717,-3.6556185886988546,-0.37783541977696855,2.3001128071800165,-3.0941842209391037,-0.48026536978901085,0.6660867168126213,-2.8766371141792755,0.02744879165042254,1.104572546234286,-4.034195331900618,-0.30852441078584114,1.715694811043837,-3.8002109078332933,-0.5083888457996875,2.1262384754330195,-3.2526245280758337,-0.5529965960545057,0.37410421265019944,-2.837140863616228,-0.19080074580730025,0.8263459264143056,-3.777166456285266,-0.4613714118214931,1.3501568180279504,-3.797355115109655,-0.5931995539447011,1.7582826165290057,-3.5051322146023427,-0.633617166944664,D
0.0,0.0,0.0,0.7814314592502245,-0.3328458582510533,-0.19162057145699618,1.5560492533204457,-1.1431386913510062,-0.2502065788112173,2.111613995260499,-1.8268266983334867,-0.3482840286397277,2.2658192227332994,-2.593872527284194,-0.4293644987281783,1.0641872234371081,-2.6163407644571564,0.2040123263869319,1.3685530033617763,-3.7234108609488707,0.05341138469359179,1.7107007559395386,-4.356314840535309,-0.10324007558793927,2.014689531448039,-4.809011322208983,-0.21923976556294672,0.8052753027807154,-2.7850235745261003,0.12817569462942605,1.1974144539576015,-3.8814958623239866,-0.2197409247362881,1.6947733921332548,-3.6934258300343696,-0.4900227468705136,2.0167878828570496,-3.182399715503505,-0.5959634398748302,0.49364222634602123,-2.846347787176751,-0.0008604118715637198,0.861564820683425,-4.039227766880058,-0.3355580606673998,1.4051585996333655,-3.8776988454886343,-0.5222721414028924,1.7810565231648172,-3.360774910652164,-0.5679059589783565,0.15490651698840285,-2.8239856016525637,-0.1566706624914403,0.5654765865010495,-3.727814149926645,-0.44801280761854584,1.0734308813092872,-3.7343568623392565,-0.5978274661812716,1.475762638059535,-3.4133636551233235,-0.6508590759010571,D
0.0,0.0,0.0,0.8161119728953584,-0.4210569549771731,0.05101437842332649,1.4864901265221695,-1.1817990255448463,0.022180481244734096,1.9886025671650813,-1.72482695774473,-0.11714597307691053,2.321116177782179,-2.2091958936778737,-0.255747677718631,0.8302494144709721,-2.9207929676251214,0.37895201555611896,1.1507785121424734,-3.992195623098802,0.18094851426448214,1.6132470308538036,-4.685412792049421,-0.03576001144318024,2.052297988525998,-5.126419726618756,-0.18499317158730696,0.5865401092600125,-3.028518795293301,0.15859513690740165,1.0440725251661003,-3.9572391524097053,-0.19394970550845297,1.7041722602333664,-3.792356085437977,-0.484922483583125,2.1640631731406623,-3.2311975152783883,-0.6155586831111454,0.3531012214444498,-3.02511153031452,-0.09993957536093873,0.9362746870205874,-3.8739039504359094,-0.4174095837122934,1.5765869276753164,-3.656096259995003,-0.5864379076540632,1.9913217320271215,-3.0822355340131455,-0.626257624394092,0.16843681480183675,-2.8894290196385435,-0.37006092537739793,0.73453641155999,-3.5714993359824607,-0.5897141920370536,1.3308207078041172,-3.5277009634354943,-0.6741173570889506,1.7840300331735437,-3.1891914035006073,-0.6887795673247039,D
0.0,0.0,0.0,0.9805082999059508,-0.31755998109401756,0.06409103266373892,1.7113281891339451,-1.067560365862531,0.025221802491671025,2.232338473470758,-1.5774237874340762,-0.12367791171919926,2.6712683899339065,-1.9575600859066362,-0.26218029155473777,1.0843457655805662,-3.2430675952950048,0.3385739379401781,1.5789126663308648,-4.331340739308266,0.06144469572027198,2.204420678891929,-4.732076045591828,-0.2063309948796307,2.6870160463219364,-4.781313612677278,-0.37703919723751106,0.8233684436206871,-3.3251288918400443,0.10623375723569986,1.5241398105200312,-4.295168347594945,-0.23859857315899624,2.256370978066271,-4.014736955173582,-0.5125009948704137,2.710262023019676,-3.450607712079818,-0.6461425903736708,0.6521197499450955,-3.2389843580732025,-0.16505862573719013,1.4424014112975727,-3.988343551620705,-0.4917050262689575,2.175273112432802,-3.710320407662257,-0.620848131030805,2.6106281412268064,-3.179295702901285,-0.6429882172803062,0.5442141725851735,-2.941401264897801,-0.44708202197672114,1.314369663550143,-3.4555596812020877,-0.6739851271880336,1.9689870999130843,-3.3566084214475866,-0.7200410705532255,2.426838404900262,-3.0370466084799714,-0.7057913355022807,D
0.0,0.0,0.0,1.0000033353580238,-0.3062439104865066,0.0067259990021082405,1.7992095753529722,-0.9424179988298038,-0.10433965339818892,2.404255276381314,-1.3452568682857158,-0.2962809916320178,2.699169392325187,-1.854934641419363,-0.4675275103395261,1.044454664139001,-3.105828460050926,0.14529670283762242,1.541252763377609,-4.020634626358992,-0.09168453293745445,2.0854877593928527,-4.494457554916129,-0.3208686843532162,2.5176175838437214,-4.735449260852185,-0.4751127255166041,0.8176293537706608,-3.1072174343131618,-0.051220511770202384,1.7389148047257716,-3.5815967830530777,-0.3694708129713424,2.328364131078602,-3.0941965791777157,-0.5766224915365814,2.593044699628332,-2.494090145368895,-0.6700034362109388,0.7105060114174004,-2.8753241326531653,-0.2706604569227525,1.6309983559925798,-3.2555594702810295,-0.5274946639293032,2.186237183980695,-2.814298541487389,-0.5614052170392391,2.451128486293679,-2.2649872494016416,-0.5385346995474628,0.7252231176324382,-2.4190325922429956,-0.5076984393165751,1.521145855690576,-2.68486025837103,-0.650368538415431,2.013542422140035,-2.453121633217067,-0.6225892478139642,2.307367573957536,-2.091799391316915,-0.5691913364952321,D
0.0,0.0,0.0,0.9126576718997098,-0.2662841308804167,0.08901831367655942,1.5303436017235363,-0.7513283770117205,-0.0007678703488918892,2.0236841960782375,-1.0615537525146974,-0.18078961843388788,2.347314336855843,-1.3957164107949052,-0.3372906358401926,0.9293040816414538,-2.58221105671571,0.17043424049596334,1.4832982940560113,-3.073594413989539,-0.11750876797607498,2.0229878079209125,-2.7031790509725844,-0.3925019250881652,2.285850307679208,-2.2005714997313666,-0.5423544792886537,0.7391260356731503,-2.5456021480229833,-0.040722671719221004,1.5065834785857875,-2.995980587464814,-0.24415910024557885,2.0509846849901012,-2.608086729803655,-0.4067255825261435,2.291870908406069,-2.119459712665382,-0.5036875032947117,0.643584219035961,-2.3330539282160574,-0.2791287963798047,1.4409269853875832,-2.6740626757560313,-0.43391755526920855,1.970516515125,-2.346196723385494,-0.4607370098208764,2.20790854735374,-1.9107091170452224,-0.45950752310079507,0.6560871663585457,-1.9216967840471322,-0.5289035983232958,1.3592290637696955,-2.1804299564638865,-0.5932789234238771,1.796420418132219,-2.008653896877512,-0.5387748297779918,2.0391941455794753,-1.68769245875423,-0.4799678418166449,D
0.0,0.0,0.0,1.0523230475763965,-0.5216191275056095,0.028952622458765048,1.7940999626421488,-1.3477508381801417,0.01799213219256895,2.37896608941304,-1.9890839067625252,-0.09861486721627799,2.6978629274768275,-2.715615784701028,-0.19062828021065795,1.0074257393919686,-3.0278282077812895,0.6375790156875953,1.5731484667898064,-3.941654126808857,0.4404058138702142,2.1002142466605105,-4.027689497252294,0.1717272503499764,2.432785473752195,-3.8831873878918226,0.023542879198342855,0.7764007314117084,-3.129444606107908,0.4310185287032609,1.4037271465402739,-4.07692301145874,0.252174134992301,2.006741742571462,-4.16715950846132,-0.005616267515979224,2.4390742766996234,-4.039684553555537,-0.14882570850777552,0.5674741025026915,-3.1475669910581323,0.1442681768074704,1.191310188521584,-4.106896989006809,-0.01941351323189742,1.7754794915805443,-4.385464067896327,-0.1488763244904158,2.219296574800534,-4.40051192006053,-0.19799480766576097,0.42019711939452964,-3.0614148622743715,-0.17114496967197462,0.9475287108059706,-3.962710375587212,-0.2515204718050389,1.3833205212937192,-4.484196597322453,-0.25831341615011477,1.7695981007142447,-4.7756508780251865,-0.2416966043798444,D
0.0,0.0,0.0,1.1024404044585536,-0.3662729776661002,0.0955067954425464,2.0398516773853226,-1.364828965266724,0.16092217520811322,2.7402012631599306,-2.086431269304556,0.09518370046777455,3.2658079608109256,-2.6581993257742567,0.04626601670751458,1.3052593426320889,-3.102847257232657,0.7785482939842648,2.049705993371727,-3.9873709909002732,0.6071641035997953,2.782032841412382,-3.941095255319315,0.3237581452427577,3.266379844622191,-3.628996210979394,0.1509647005116274,1.0467899084726857,-3.2927464443880785,0.5782968471293625,1.8927783194939862,-4.296865552340697,0.4338009712979401,2.6227790473577364,-4.2428487148084555,0.13544976831865763,3.13864304971802,-3.899845207111089,-0.05407651549503384,0.8494252260220126,-3.412441037069252,0.30958602035422106,1.7185356574510706,-4.426964296287057,0.15205235634153147,2.470491211534285,-4.33450446433827,-0.016436911789349095,2.9728821825144722,-3.960661949864267,-0.09540421264883052,0.7205005664303464,-3.4000449386975977,0.02374321200156919,1.5249564324209894,-4.332909390816488,-0.06085527113488458,2.207508718382367,-4.365769972415117,-0.06643473410031102,2.723374098775931,-4.080521906539059,-0.042378931965500764,D
0.0,0.0,0.0,1.06701147455621,-0.24413655654445993,-0.13797966306211026,2.17127231708127,-1.1020878291748217,-0.27981371001419936,3.0935070503525197,-1.6062116286492034,-0.4871469017489389,3.8712156345588835,-1.9897590477197051,-0.6842835761800843,1.5423193541193039,-3.207797499747615,0.2081057557147227,2.471244316893935,-3.8897623727074135,-0.16767289477148475,3.2635630103032414,-3.781603419580825,-0.5445033815157353,3.798740576491436,-3.454374416574776,-0.7747610263598682,1.2491920185502987,-3.4433672990011592,0.06305086002487187,2.2475718203678765,-4.269470777243636,-0.2383139037107972,3.0366313579847035,-4.17168299108565,-0.5306264730962373,3.591834447806169,-3.8614017438936443,-0.7308739694802904,0.9884886937821994,-3.5246378526069164,-0.1554852529111112,1.984739918660657,-4.364233973582585,-0.45203234820724536,2.788464928877884,-4.284107111213795,-0.579262990117803,3.3478494121389635,-4.032138819326254,-0.6346455553313063,0.7823445402777401,-3.4256626672666006,-0.40424467590789387,1.6454365957484074,-4.238298999077346,-0.6131951526792401,2.3742855247663113,-4.313870036607923,-0.6291066204262207,2.9402728216400487,-4.181231720215694,-0.6087557457746625,D
0.0,0.0,0.0,0.8012896886062195,-0.5677506575273226,0.041284458069559965,1.3892596510452049,-1.4040809543202835,0.11159126694175048,1.8624439153547485,-2.038120892002166,0.08322721967486667,2.0675950080989693,-2.7243978258252266,0.06254307370464533,0.8614200570287025,-2.6347618056595907,0.5341633318570046,1.0866021418249554,-3.6196921226349685,0.43470080428883334,1.3753064790632077,-4.134113299129717,0.2995185821779748,1.6677112991459686,-4.486765620035687,0.2029349353180104,0.66177103355402,-2.7311581673841134,0.33917530506962,0.9487409102430442,-3.840233962325495,0.15130217060793874,1.4586551923652005,-4.14798200063042,-0.057416064806465335,1.9239420298103371,-4.214926095955968,-0.18188861599564055,0.4178459626044991,-2.736848549513282,0.07937240926103453,0.8185928472490115,-3.749714043043603,-0.1960249762947365,1.3943386921444247,-3.640840377586244,-0.39121633760900826,1.8400941522775536,-3.248689659627399,-0.4675817635951531,0.17795745438772698,-2.7017552317462137,-0.1927415805300283,0.5188118394850791,-3.5626094491775575,-0.4359342783283204,0.9991740674130252,-3.662524288016229,-0.5688501292692454,1.4395887405822323,-3.51110971139711,-0.6342993223305136,D
0.0,0.0,0.0,0.833010818655632,-0.4654359559184744,-0.051034670033600626,1.6000719113908815,-1.2623859064046432,-0.10411910759918472,2.1597711022991417,-1.8767204632870036,-0.24475012236566007,2.398705481945612,-2.6220796392027994,-0.3759499380372589,0.9646103587542805,-2.8211739379149736,0.37205782668414394,1.2583273534612325,-3.9326381924887803,0.2182919870200409,1.631790014225939,-4.543013264746877,0.034046062276807273,1.9443998246154424,-4.972672023529948,-0.10494535362157772,0.7344037356175698,-2.921260008100081,0.19046277248141236,1.194516528791939,-4.0097923828975945,-0.1564759360677149,1.82232491843521,-3.8175332568496194,-0.45662535079646027,2.2120900019473977,-3.3118225103778607,-0.5917478049859188,0.47032657447133175,-2.924675970361375,-0.0414970604661432,0.9219638834677584,-4.063203199484207,-0.3614880273651304,1.5581394859019262,-3.844068408386796,-0.5460454036348384,1.9634274381748653,-3.3152308936420614,-0.5968155149262129,0.21752154743042854,-2.8212551414552576,-0.2926664029033588,0.6395980609786845,-3.7380073817075683,-0.5400476086450128,1.1595649009827598,-3.7584241171627886,-0.655139010360793,1.5441973793920427,-3.478924238288816,-0.6935739993697024,D
0.0,0.0,0.0,0.8174583010962834,-0.44597356258632287,-0.06965099824057726,1.540721709857685,-1.2199679908991734,-0.14631472150805838,2.0635905270587913,-1.7895457160037045,-0.29530519690689866,2.2865636354511665,-2.537395279196001,-0.4318084594827053,0.9378926294488252,-2.8381694718802644,0.24777770446931838,1.1413083623787341,-3.928298457502593,0.08192680658326149,1.4826175785571252,-4.500971955226864,-0.07542175461737557,1.7832516240083267,-4.881932583686057,-0.18129439022254407,0.6731020934093899,-2.9125004878933827,0.09035052408915903,1.064999333385171,-4.002115600327819,-0.25837047251088,1.6864246982720472,-3.7292079188548084,-0.5155403069167803,2.0751919833761225,-3.14265300860706,-0.6012878390214876,0.3921171457967638,-2.857979226303081,-0.10845669353894315,0.8313078101845921,-3.8708745530161606,-0.43158360435649007,1.4695326125044608,-3.5925113841293426,-0.5728709223405548,1.8767435013611034,-3.0576867545988553,-0.5798190703633986,0.13219587154991483,-2.6812689474259717,-0.3233921124303077,0.5799104501697165,-3.4872089690180417,-0.5625516209305688,1.1134469785052772,-3.517500711006296,-0.6496892668884143,1.5148639756536473,-3.312941012043918,-0.6571847226143546,D
0.0,0.0,0.0,0.8132168333105697,-0.4151135068316818,-0.10489745128745033,1.5718965892856216,-1.140596165579599,-0.19401314275999612,2.1048859752983047,-1.711121294529287,-0.3446578275483421,2.265757320398774,-2.448190384194946,-0.4787479723456706,1.0079327994915703,-2.801498387923249,0.1733722388953974,1.2534499016499223,-3.8811305955167703,-0.0023982541359450003,1.5751406955857437,-4.451874514402351,-0.16038403124064488,1.8682095198487563,-4.841848408896658,-0.26918281872652977,0.7281789056128796,-2.8891700510756464,0.03736377058859976,1.1682161834974711,-3.9499185051995793,-0.3104456202092771,1.751563228312866,-3.695352581541669,-0.5561772367589524,2.119254163972395,-3.167519207414455,-0.6411892900403694,0.4309866871941766,-2.8382185338755117,-0.13966984711045471,0.9065705477630354,-3.785208015940994,-0.4919259747293454,1.5361819334700082,-3.4756367691009387,-0.653638643798259,1.9392873522298697,-2.952031761120221,-0.6735886296238957,0.15619655312790676,-2.658709352834476,-0.3307672835473028,0.6878549178863858,-3.357448332868662,-0.6028776831966022,1.2076986261066636,-3.249520613872493,-0.7050334170241762,1.5760064196447472,-2.9369264095893493,-0.7198928510260257,D
0.0,0.0,0.0,0.754403565558173,-0.3716652636144859,-0.14753103437552317,1.4370919156133262,-1.0302771067724668,-0.27413095458086795,1.9444230305130634,-1.5667902790343564,-0.45562858221302993,2.0963942611077155,-2.2725670033328558,-0.6255762003304344,0.927689888964998,-2.689428025907826,0.05712372475378223,1.173722419294377,-3.7702368079714383,-0.17627724934160732,1.502344386403942,-4.3086595763498785,-0.37730403906627824,1.7669651205773145,-4.706115697489862,-0.5117950690811032,0.6385021531313492,-2.7709180162954716,-0.0538109212949786,1.060166929029438,-3.702783063353203,-0.44439779981559746,1.6193071485426767,-3.4373170590783646,-0.7019941980713889,1.942230090334331,-2.953245753484806,-0.7994026483557929,0.33863246520558565,-2.716288566794122,-0.20358724921099325,0.8359215331956559,-3.5177456997540992,-0.5737653099350283,1.401609024431445,-3.1407546392397445,-0.7018302781740712,1.728062457048306,-2.6132918096698865,-0.6978897271790426,0.046111269816860624,-2.4950289983046723,-0.37302526841929434,0.6114171989857206,-3.033006511728256,-0.6601976005585506,1.1134844240916115,-2.8719486275428467,-0.7544966325093144,1.4521329613343377,-2.5687865530458107,-0.7585170972445696,D
0.0,0.0,0.0,0.7340559344259319,-0.35495525718797766,-0.16429500862078086,1.4074489573484532,-1.0058588283767385,-0.2950931808399375,1.908152409962561,-1.5367730728471993,-0.4759687729596075,2.0570780879663024,-2.2403378155075786,-0.648236091458035,0.9470369031624175,-2.60433482058729,0.029078761691044046,1.189728195884533,-3.6910758071986423,-0.20698582297268342,1.504406419393885,-4.226117906070108,-0.4052800204917431,1.7580189438253409,-4.623144066847616,-0.5364924541290059,0.6567942676418653,-2.6782173237115137,-0.07432727654166826,1.061303888291128,-3.6567319896314836,-0.4712276874047227,1.6004272997753917,-3.371363026303209,-0.7325410821908096,1.9095877357272757,-2.8584581555090707,-0.8275731650441525,0.3566663861420691,-2.6233457045950366,-0.21485617941484872,0.807487959007507,-3.4660910792345128,-0.5803299705173652,1.3599861014066081,-3.095931596642165,-0.7053046553548912,1.687929309145025,-2.5695623588966416,-0.6982703811983345,0.05247213136889977,-2.4159623914229424,-0.3762232207821911,0.5508800970214244,-2.999472304107545,-0.6584640085353302,1.0495150257152068,-2.8584880341879195,-0.7489847700011882,1.3995592623623452,-2.561592221313632,-0.7501867404111413,D
0.0,0.0,0.0,0.46564121440409156,-0.2790123913226306,-0.15343910316305442,0.7955176881376497,-0.8149980519766251,-0.23366445334414654,0.5403858095158234,-1.2564188897834228,-0.3256241142551396,0.1519973931598817,-1.3230978983744406,-0.39835699462940377,0.6452461836247634,-1.7160041797517986,-0.0698856595310022,0.7076125001872511,-2.4782993417211787,-0.28564820001829944,0.7110288519285134,-2.181294459774173,-0.42871318766413985,0.687423625293704,-1.7962836484611966,-0.4873160466464557,0.29798683398670106,-1.7813820373123899,-0.10350533359093729,0.33701546064071514,-2.5989499179265336,-0.31625251030320095,0.35906712918190653,-2.139465738389904,-0.4066391936444059,0.3436178980305039,-1.6869854858406534,-0.410627105312569,-0.016275089349387647,-1.7368683542442342,-0.16835631677697893,-0.04398229977722689,-2.480920094590745,-0.34925072076454483,0.03310259591163656,-2.047366681619086,-0.3379412514370116,0.05387488537668236,-1.626390815930769,-0.27036387296976744,-0.3318023691470003,-1.6038299050691043,-0.2509741948556154,-0.3375405706566814,-2.1903626632403403,-0.3524477154537228,-0.2294217837290607,-1.9522483345105046,-0.2981128514158303,-0.1796234200293846,-1.6371004033400272,-0.2217090673305999,E
0.0,0.0,0.0,0.4808827667062754,-0.30825744751525824,-0.15400413870669044,0.8215438609583032,-0.8658184020574848,-0.2295348599805196,0.5326197806585382,-1.321579608530212,-0.31795845402172274,0.11412860287931102,-1.295782151687801,-0.3843268026839027,0.6722715795013917,-1.7254388763879471,-0.04669715396073515,0.7269606712894228,-2.50197266170213,-0.25420444196704656,0.7163690474693843,-2.1681320121518453,-0.39011543286275463,0.6910394907303854,-1.7710861944231033,-0.44637393191149266,0.3218063030667751,-1.7927995570505235,-0.08106658625441214,0.35569721685136907,-2.6101190642034346,-0.2872139245428672,0.35783608357113633,-2.1394284943996507,-0.3707104633104293,0.3398276356885936,-1.6906397725521198,-0.3691363853317348,0.00638899000371089,-1.7577133075965519,-0.14884732092160793,-0.030709119454310287,-2.491018424505332,-0.32318149016329717,0.029059136556204138,-2.046109849856829,-0.30618978626038557,0.05169210143250178,-1.6212116434389046,-0.2331726590388483,-0.30582996263571516,-1.6389675504316434,-0.23601192638056512,-0.3271645139284295,-2.2204462624236596,-0.32230535090101214,-0.22970986807810595,-1.984157814606786,-0.26124052198395376,-0.1763144041133558,-1.6701920594569821,-0.181939749006516,E
0.0,0.0,0.0,0.4740931045674447,-0.33232361569660235,-0.1708522784711605,0.7790840132707784,-0.8687986483133934,-0.25774240942234616,0.4825556491543441,-1.2893601449326229,-0.35504750415184444,0.10799548071353997,-1.2766583101375057,-0.4303152234726316,0.6358392280826333,-1.7137877342726893,-0.05251192809356839,0.6791917287822652,-2.4569908500555506,-0.2620613093240695,0.6482451289326788,-2.141748308420051,-0.40523851169086084,0.6256863612823815,-1.7493544752819707,-0.4647235580232802,0.2826522692584837,-1.7598477390091891,-0.075662626273968,0.30045932905675704,-2.5481093490838997,-0.2878068336439555,0.3041249739083951,-2.109028656054734,-0.38385332075838824,0.30850311982236683,-1.6697358527348893,-0.3884895433039533,-0.03194483023819605,-1.7221664552051965,-0.1339279245441461,-0.05581744255842326,-2.4101662278107256,-0.31208822294834637,0.0006224817465299006,-2.0107946221205015,-0.30985716982966355,0.027249976690890323,-1.6133983390685631,-0.24503251115612718,-0.34549231180161694,-1.6067646079500988,-0.21230698202373594,-0.34022490624974533,-2.181626500870462,-0.29179248896313587,-0.26925652038526765,-1.9509059011133163,-0.22942265612044235,-0.23824249716149626,-1.647078683403349,-0.14951676672081546,E
0.0,0.0,0.0,0.49191796411596517,-0.3687142508314136,-0.13845729974293056,0.8349735091276105,-0.9727151312772588,-0.20208120963231,0.5610140749670185,-1.4784218335241466,-0.28286090158559163,0.16447275490426752,-1.4896672310507153,-0.33916980527837937,0.6929449220184434,-1.8364110313556565,0.030442932489449074,0.7210070866684547,-2.5209164196694043,-0.15942455403753045,0.7097432733340898,-2.153326708590648,-0.31274148032083343,0.6944107419538752,-1.7508746978767367,-0.3876409215818522,0.3496182336239275,-1.9028137323601024,-0.003410073891695193,0.3508027227083462,-2.6346626360864023,-0.18104032884018478,0.3600619557728182,-2.2151356451142052,-0.29042125189176515,0.35160518173741984,-1.7939245872929075,-0.31778442398602547,0.03559187908443883,-1.8737778808510834,-0.07250771454659596,0.002086863666428742,-2.548772875828076,-0.2129633602479214,0.07285567842134695,-2.18142766398474,-0.21330096706477958,0.09241640090641186,-1.793060219803583,-0.16860463831104885,-0.28609741062672595,-1.7675696072081666,-0.16122597268311928,-0.29204689202196704,-2.301571610395251,-0.22454979306620393,-0.1920709979280956,-2.0844500201303564,-0.16490959953536,-0.14547665324971779,-1.7859752275361471,-0.09432431226392064,E
0.0,0.0,0.0,0.5813619009971202,-0.4131622805998695,-0.10302963863182454,0.9774897794616433,-0.9973150775924915,-0.1609681037589715,0.7806930612136003,-1.5494779146945834,-0.243884841951009,0.42934692107961986,-1.7165408088014515,-0.3232649394413304,0.7882093906563538,-1.9378796002118899,0.03141290622919924,0.8585309814828882,-2.5835525023144,-0.11451575504110799,0.9426375947224245,-2.436293466451873,-0.25906825003851874,0.9998326150350287,-2.25690511143652,-0.3535229584999644,0.4721058885793261,-2.004690409622898,-0.016916051016294155,0.5376847291271993,-2.7034534183829355,-0.15231127285351184,0.6631868155456965,-2.5212547890131223,-0.2753491380857015,0.7081054393054765,-2.262016050535389,-0.34758805260895365,0.15592157462238732,-1.981733238839984,-0.09119531733500952,0.18907011299531667,-2.681893963278076,-0.21392145383273334,0.352614804187483,-2.4735881490308547,-0.24064564102093644,0.4252110845113115,-2.1821252611330526,-0.23877506246138663,-0.18694261656500355,-1.873903803485927,-0.18068532630807635,-0.10720561711780427,-2.458059898922627,-0.2541242431329105,0.06446808950460503,-2.348316541392308,-0.21648876428102576,0.1546153907674974,-2.125818346888451,-0.17418835781544523,E
0.0,0.0,0.0,0.4924094476235722,-0.14815859486018987,-0.07036662785125208,0.9218026980022196,-0.6367519659257433,-0.08058361828864588,0.9035429401899195,-1.1681677977614426,-0.11131957039174696,0.64726634179489,-1.44913055261813,-0.13663086405996838,0.8756545664637381,-1.4867656940777922,0.09297370660986848,1.0272100261374069,-2.092380111238374,-0.013892417509787406,1.095100364632531,-2.021635194486393,-0.12514064694040553,1.0612135139113097,-1.7796436055109908,-0.17664240262919703,0.5890977773791005,-1.6695200505767993,0.06634728165278723,0.725876685768271,-2.338683484245691,-0.028364437035403617,0.790325473825837,-2.0863626996568603,-0.11707435925886334,0.7172599341555729,-1.7213970305989275,-0.14944137806026356,0.2830766120906718,-1.7676095397314215,0.015961203573317966,0.4047631402929534,-2.4799915457195003,-0.0623437654603769,0.48405815891324305,-2.1955588385455433,-0.07529647820509364,0.42111353440519084,-1.8174968734068364,-0.056977810160625635,-0.06566098028364693,-1.7944936229910093,-0.04569338832780472,0.039937965866659694,-2.3409253392842415,-0.09351337284726259,0.13244894715424077,-2.16570164651777,-0.0603478825342436,0.09951374874921473,-1.8831021860062491,-0.01570108323289207,E
0.0,0.0,0.0,0.5687904857045505,-0.3613644881929659,-0.1257132572094322,0.9902284280563597,-0.9433914781402684,-0.14058960224625516,0.8515743347286797,-1.5763108232346408,-0.17153520207518116,0.44625725311391734,-1.7157213871255577,-0.19586772960626886,0.9400302413722501,-1.773827325574426,0.16565137211294328,1.0959120191690543,-2.299883185459504,0.10212998223712406,1.187985678018202,-2.3235733667993124,-0.006410373195005584,1.229069682761206,-2.242695626118419,-0.08315438484567894,0.6497666790871155,-1.9762218516173629,0.14721386834859124,0.7976776338571524,-2.595123608730328,0.08101389076896498,0.8849548001467209,-2.465077204343356,-0.03527718274630613,0.8676509686661473,-2.2171256135060626,-0.10470700564202147,0.3400414020828089,-2.0551301536839515,0.0947732326989161,0.4607986402346883,-2.646167488738565,0.0032174052255000652,0.5587298502524501,-2.436865890343957,-0.07852033563841265,0.5262946846028058,-2.0990881312378704,-0.10994058637385502,-0.011753175842952593,-2.046835128987225,0.025740450488254497,0.10352839994015746,-2.5912943370485024,-0.03490935518437118,0.23451202789734268,-2.464516870021731,-0.03983000426833986,0.26219877359564586,-2.1738625735768355,-0.02874861908921265,E
0.0,0.0,0.0,0.5437645216249809,-0.39891986183356015,-0.1660797434972966,0.9024624170281681,-1.0202024521263582,-0.2163421854610751,0.6396833774915099,-1.6446550359410137,-0.28216975059385047,0.2061303407380179,-1.7469470686391786,-0.31740089485948875,0.8903282305643242,-1.8006179059104805,0.13489289393426518,1.061387659957277,-2.3969155926319226,-0.011834931231264974,0.9883468936799756,-2.1160211980726715,-0.15479060591145832,0.9045924638618407,-1.853436871958482,-0.23544417607500548,0.5774654322797598,-1.961464100009361,0.11744746556146779,0.7172342671718264,-2.627843867802676,-0.03226984692061138,0.6676535180986308,-2.2881987545431337,-0.15534582035675285,0.5826754914324824,-1.9766473216568623,-0.1953566974311032,0.26757902042084825,-2.0109681437949174,0.05477052171669762,0.37467988461331564,-2.654309035915299,-0.05608209651114256,0.37796346096494665,-2.3583520092713255,-0.0746319726981641,0.3082324540941917,-2.0592165072708033,-0.044764563217860945,-0.07817559524407014,-1.984539853224428,-0.03295542059629239,0.027438735224966808,-2.522250188757234,-0.04798884739627926,0.08457458635520008,-2.3845756294829696,0.013112847747234858,0.06942012919056349,-2.1800830203911326,0.07525966684012268,E
0.0,0.0,0.0,0.5603979332040315,-0.3994281018654443,-0.14415593046858569,0.9010327764123831,-1.0491236898699905,-0.15770633350013585,0.6557345725107627,-1.6858277597547424,-0.19401021733679316,0.25887078174435213,-1.8635835248078827,-0.2056321642342488,0.9196323529672085,-1.7671322139546508,0.2032177316312071,1.0847623736323004,-2.4215619692326134,0.054884444389108125,0.9707015185126854,-2.2174549155865297,-0.10064103925867501,0.8548709275641596,-1.9135635132005526,-0.17803950669558896,0.5935788865964999,-1.9285779406421888,0.19357049371751617,0.7285044243328735,-2.611964015824278,0.03994070192443203,0.6233786460253294,-2.3008368087836812,-0.11244340546566939,0.5269414987241496,-1.9304404477370407,-0.16308115806785914,0.28004989521666734,-1.984146158497017,0.13747161846756065,0.38946333481918527,-2.6367870571507988,0.02201186223095227,0.3417523474652627,-2.3684543144580372,-0.033437231022265895,0.25618112320965725,-2.013746565930713,-0.019558062071343727,-0.05300496902219843,-1.9498069806354876,0.059667846603818145,0.0584855554887608,-2.5195486091282935,0.03599913753586277,0.0770153765497296,-2.3754461519285592,0.07754873907738713,0.05276985405813347,-2.1087992260187995,0.13312378420691554,E
0.0,0.0,0.0,0.47232245705870207,-0.3226577799332423,-0.12972451386744713,0.7068217666618307,-0.8136398921558946,-0.16992221921753062,0.5612419882594193,-1.3131899630137047,-0.23088802504479014,0.3415097572361154,-1.5483992043015353,-0.2787905626239939,0.8384770695911571,-1.410940738772383,0.10045674865953681,0.9657740501912202,-1.973983267759456,-0.08254368935683762,0.8964414048792368,-2.0236208918929823,-0.2380299311813596,0.8015958834941715,-1.8063485917879247,-0.3066457210647167,0.5134265025269014,-1.587762212836018,0.08771764753085895,0.583003627624345,-2.251109919955575,-0.09948452968295524,0.4777132069435119,-2.0427650989394137,-0.2216226415408784,0.4192436036372843,-1.681467905990554,-0.24452644153813294,0.19796133551265463,-1.6429320736532715,0.03656908616554122,0.23984627644943654,-2.2295542665637353,-0.14281054598975762,0.17394384120424494,-1.9852193471301658,-0.1760584561404567,0.13862459296737256,-1.626762615534854,-0.13211556547113737,-0.13450972196293365,-1.6017334098065648,-0.029523481148379646,-0.10792900990383873,-2.1076002858903844,-0.13503733031103093,-0.11123301315830449,-1.9774415401093144,-0.10755231668972358,-0.10680622473527651,-1.7153821300757697,-0.042168184282972025,E
0.0,0.0,0.0,0.45824557264274696,-0.24168287451773296,-0.1604218564217098,0.8307142384120743,-0.7648061293744253,-0.2072108326201695,0.7194192584622285,-1.3716950596763453,-0.2663027210574935,0.41292854040944565,-1.6000739721744834,-0.3144283862138757,0.8534516293524775,-1.4587483602995786,0.0766519572406352,1.050336667078698,-1.959541463354427,-0.081254956516564,1.1148807777079188,-2.062179203911189,-0.23211301201821116,1.078767135589064,-1.9057041122958764,-0.3040329524645317,0.5538920938700765,-1.6792306011226041,0.06602042549033767,0.6953923024422201,-2.378076242450209,-0.08281709920310837,0.7383556486727454,-2.29021458974976,-0.22075643493719288,0.677524321494806,-1.9515904216551745,-0.27517652161715245,0.24969778185097546,-1.7649854536763725,0.017673116335898343,0.36052135071827673,-2.407979143107288,-0.13782321433692474,0.40728355350872236,-2.239356103394098,-0.22561634932033228,0.35288718670901265,-1.8568101450941452,-0.23631847595232583,-0.09577057677536757,-1.7476051182412464,-0.04800347499244338,-0.08328507506282849,-2.3559502462601363,-0.15830173179024004,-0.010547478373189343,-2.309674770051993,-0.18266303474214826,0.0007746579777486162,-2.026943905703443,-0.16741097944211283,E
0.0,0.0,0.0,0.510125231819618,-0.24057281097183006,-0.1571759619587526,0.9010374222771341,-0.7267429374085831,-0.21154580551220795,0.8060024040248912,-1.3458572264567643,-0.2768659861832716,0.4932173802772537,-1.565950921753088,-0.32293609508852283,0.9417324274902447,-1.453794295233966,0.054460772984317604,1.166092707007882,-1.9851073989542314,-0.1035281389986112,1.0979122514231712,-1.8861795653818263,-0.24584925563726667,0.9793514734375885,-1.6189885456064272,-0.31729184877771194,0.6412658984096408,-1.6642805418636013,0.04165750860275972,0.8310607994730014,-2.334224347800885,-0.11563483319686768,0.7589582133601951,-2.0753964071887494,-0.23670667059013237,0.6594648405680739,-1.6893291655757336,-0.2753967522398259,0.3359733532229932,-1.7534888571723226,-0.00598306451617125,0.458894768388676,-2.363219226014308,-0.1475809283589658,0.4607217776497782,-2.121735811396045,-0.2060021202890281,0.4004078748939582,-1.739711625543851,-0.19971253860982288,-0.0035764553678804107,-1.7544156452564685,-0.07210114822491269,0.04719901160659458,-2.3152589351016917,-0.14974925176139464,0.12233114123927288,-2.21628560188364,-0.14396811526249606,0.14403996881423756,-1.9224238502237911,-0.11296019263866645,E
0.0,0.0,0.0,0.4617016290891845,-0.17108177642010317,-0.14456932432728214,0.8430056178719416,-0.6211638773827882,-0.20627760872823447,0.8504230623630303,-1.175646631154998,-0.28120551197597904,0.7081952260782295,-1.5660915056297242,-0.3466388228139869,0.8341390560286922,-1.3500455860294767,-0.01173914955106964,1.0540780396097054,-1.8722495669356791,-0.22195387100410607,1.1684960525356543,-1.9882733147302565,-0.38497395937321005,1.1565525888005606,-1.7974470306595791,-0.45122260138422604,0.5473548733436585,-1.589519605386037,-0.03219054624817318,0.721583591787194,-2.3298236921591995,-0.22957310646458762,0.7900280405624737,-2.2123430447756185,-0.3542348939601151,0.7215239279713969,-1.8202992448895017,-0.38581699449873,0.24064459748171133,-1.6900758331950656,-0.08566786374710735,0.3850508115628459,-2.364297704334701,-0.26594045174580194,0.42356737151847407,-2.170335827335987,-0.297630713216791,0.3572059681382001,-1.7930679011359876,-0.26341987845703096,-0.0979456116080339,-1.683426884592234,-0.15342571251715856,-0.07074604532162926,-2.249823270191639,-0.2843788406462076,0.004119397368952631,-2.1645604348187946,-0.2810706806694238,0.0029702203951201276,-1.890432439059736,-0.23394273112078473,E
0.0,0.0,0.0,0.4574838890631495,-0.20315337495378402,-0.15520876402213934,0.8264022005710148,-0.6306104673968116,-0.23568167590540068,0.6629642694678234,-1.1305344119523502,-0.3285488934850784,0.38990237071288114,-1.3936644861207395,-0.41573512438201177,0.8074442989415774,-1.4641968127048914,-0.034305541652858144,0.9668504199671152,-2.0544340719401264,-0.24291706330173896,1.019640731702241,-2.1075306782107126,-0.40955801103801137,0.9902906025077393,-1.922225047391208,-0.4820682762358309,0.4877545038229007,-1.6273338959327714,-0.05702683263640044,0.6197229141499248,-2.3467550405915905,-0.2712511500845466,0.6666289105730524,-2.1189930142992486,-0.4092095449353645,0.61481995884014,-1.711224637120999,-0.4467689123462266,0.1741787449178177,-1.6644749918833366,-0.11051332065247933,0.2547550332092456,-2.350451720874169,-0.29464163185130726,0.31651118833383873,-2.091347369339737,-0.3491726921652857,0.2833682613247102,-1.690726612236374,-0.32875854985185876,-0.17219359748924637,-1.6029456741343775,-0.17942047999006666,-0.16203461513528586,-2.1933527410095643,-0.29491306375691456,-0.07307239256441547,-2.0890764324492084,-0.2927072064453773,-0.0530927615693045,-1.8136468384881426,-0.25263264346566905,E
0.0,0.0,0.0,0.4678220839778735,-0.26690584675344,-0.15097274463020902,0.8091339262693603,-0.7366732071762899,-0.23329821284861585,0.62721511962154,-1.214488776073194,-0.331484322308025,0.32573770058652723,-1.4110717194655131,-0.41421167693507854,0.744905007328456,-1.5905070675650108,-0.02913100071530536,0.8630459208005531,-2.2863062718923413,-0.2620145485973361,0.8666620803521005,-2.147392987359935,-0.43357392969335495,0.8306754602987987,-1.7838218139726012,-0.5029041041361655,0.41756701032748395,-1.6888545446647822,-0.056853276796017635,0.5134313602718534,-2.4587571827934873,-0.2784468736947696,0.5134134650541313,-2.183789871849162,-0.40054569566796805,0.47933898215372805,-1.7696183133879861,-0.42838058838358717,0.0998765240362485,-1.6836377573058692,-0.12049234222800613,0.15014684176099394,-2.3777329392345505,-0.3083399028569482,0.18253155215834188,-2.0684830306355724,-0.3310069093815268,0.17099642737184448,-1.6635308232304857,-0.2900032697643696,-0.24005672370479503,-1.58961827175148,-0.20190136403605444,-0.2306057289970807,-2.1126345094710426,-0.30637202955718607,-0.15362812439378398,-1.9607491804476387,-0.2774684360961678,-0.12226675533580353,-1.6906825080158026,-0.22132001572703605,E
0.0,0.0,0.0,0.4444703323865014,-0.3001747651087166,-0.13248136057238621,0.7463567330517547,-0.8596778952448294,-0.20050587843620446,0.5356514115846204,-1.3129815658340052,-0.285254365399366,0.17755127853825053,-1.3458847175575335,-0.354758362464177,0.6876849227828737,-1.6596974694420727,-0.043908806870243074,0.7697860360836419,-2.3552361068584746,-0.25115244975730777,0.7805812451234886,-2.1182321396723216,-0.39899326964841675,0.7466955181695746,-1.7116972134602964,-0.46019088203239,0.3504602498715239,-1.735197028399571,-0.08402754046544236,0.40580881754711384,-2.481444549985465,-0.2884607509042802,0.4329795151812181,-2.1399937541039042,-0.39403509369552053,0.41691854249014476,-1.6993389358129667,-0.41302456528439985,0.033139284622686345,-1.6910126274187625,-0.15498777752339715,0.05815658140141224,-2.3699603049704248,-0.3234391459532831,0.13157849880867883,-2.035701723642389,-0.3493497302099006,0.1455906906371953,-1.6277952588410871,-0.3149887857964308,-0.28680603543040606,-1.554568479037986,-0.24218958692010387,-0.31488092529087003,-2.084551717155731,-0.3321988566061505,-0.20956991577701553,-1.9468711506779737,-0.30870057899043785,-0.14224809826466775,-1.6791646592035023,-0.26183961569720104,E
0.0,0.0,0.0,0.4906751516738537,-0.2740402863090659,-0.12399385355733818,0.8225849598613183,-0.8055030512861088,-0.1993407751248642,0.6293393192926905,-1.2766863118896425,-0.2914640271816163,0.25766862972605886,-1.3416597463410307,-0.3649422069955163,0.7350004443405215,-1.6658598387856862,-0.0751087908985012,0.8572278489437327,-2.4398861929585416,-0.2925232470414336,0.8571529939543584,-2.1344952444485643,-0.4379263873998888,0.799394884153168,-1.718690749472343,-0.49823539856572097,0.39589898656926614,-1.7307504105046505,-0.12405465147603345,0.4468219654337321,-2.570464629073992,-0.3221369688464632,0.47712222064421467,-2.1403262740394497,-0.40336479431756234,0.4605949353158574,-1.7043624600178828,-0.41067046719912087,0.08090501332942256,-1.6811239896886951,-0.2014515117438481,0.07537270737055174,-2.4319209257636363,-0.3618535682769743,0.15942580820658914,-2.0203542676742225,-0.3433879521670785,0.18130818465850795,-1.617153960257664,-0.28328059250895904,-0.2326092682599993,-1.5441080244870575,-0.2962601865444023,-0.22542980437215318,-2.0964981555167,-0.37978860612933724,-0.1062766767744064,-1.8752428224124424,-0.325152275787624,-0.047894311178108655,-1.5808050737429986,-0.2579906385073183,E
0.0,0.0,0.0,0.5098094676587375,-0.273077699104425,-0.1106789536446192,0.8350540380185938,-0.8922867538846427,-0.16030211643450554,0.5929845472393412,-1.389932530360933,-0.2293968096900568,0.20230243358224909,-1.4163804165146185,-0.2822822715345152,0.7519062170008842,-1.7053339274574613,-0.025941932965896083,0.8852533366432904,-2.4724075876688216,-0.21631575281384013,0.9043658373199246,-2.205577409576848,-0.3525461513714832,0.842107633676634,-1.7979684363770108,-0.4096642573708174,0.416450659782282,-1.7872080301726547,-0.07352146133560793,0.5030164213810896,-2.6388646570377445,-0.24549055727888763,0.5570655495054694,-2.251727926593464,-0.3323981571867188,0.5162573568088276,-1.8044906670622671,-0.34729845763064776,0.10225642761393015,-1.7511389333392091,-0.14896622709631768,0.12913160059116688,-2.5232897663951173,-0.2851377830013492,0.2391822071563177,-2.133970934890051,-0.28539437192495737,0.23841259526369138,-1.7181072192282723,-0.24306171312281163,-0.22226136573784805,-1.6357389223078778,-0.24077688356566343,-0.1755023101547993,-2.2241337647689763,-0.30667100779137896,-0.047133595317362754,-2.0196265736580807,-0.2600299251444929,-0.014413407639503576,-1.7157438664246045,-0.20394450272026335,E
0.0,0.0,0.0,0.5147553685561143,-0.24265596929784905,-0.13080435779011912,0.8544331219178193,-0.8424312016051445,-0.18637871443659704,0.6588336824083746,-1.3576778599404917,-0.2585138489753889,0.2680162754533602,-1.4015702668051446,-0.31210220732909694,0.7599140257881738,-1.6956808931429879,-0.037474184055100355,0.8938157776031009,-2.4642011598873728,-0.24123939139917994,0.8971775001659997,-2.167899959122126,-0.3871189957462366,0.8299596660623206,-1.7554376249670502,-0.4505982862201327,0.43033733478449343,-1.771889330206631,-0.07725054889342729,0.5118697635880898,-2.630255660298192,-0.2665830804003935,0.5472877830034579,-2.2225819565206995,-0.35940514964739784,0.5082327742518266,-1.7786127753324288,-0.3748780232192917,0.11366025166804222,-1.7405183103476949,-0.1475719357161135,0.13617685698375762,-2.5124436487531465,-0.30578434720303005,0.22448800101331529,-2.1016184655388677,-0.3020056605021314,0.21917701400281253,-1.6845264476994901,-0.25086307181363365,-0.21828113264068175,-1.6360816630422677,-0.2364268512846389,-0.16674447355665398,-2.21259432430288,-0.32330038569090236,-0.05235740200933468,-1.979487438846388,-0.2775056307463498,-0.02782795356870287,-1.6651934724017015,-0.21692714000249214,E
0.0,0.0,0.0,0.4938708792351319,-0.2711067786992622,-0.13530891764374672,0.8123476969781976,-0.8683263180804527,-0.19070210081578867,0.5486817668767374,-1.3603273366710453,-0.26300338644783117,0.16225511265707998,-1.4323677809920532,-0.3130469438142544,0.746140962935438,-1.6793933322426498,-0.014428796696085692,0.8587443887559837,-2.4619092986992865,-0.21722083466018965,0.8250100632667816,-2.197566734685364,-0.35569731968934626,0.7640814986290866,-1.773772963798134,-0.4121671067285161,0.399168332908237,-1.767600051380619,-0.04939690274828436,0.46279564358506825,-2.5972374974846444,-0.24537392620249115,0.46214273257796157,-2.1993455985138364,-0.33173899990518285,0.43811390796500743,-1.7516207272207902,-0.3370404496240855,0.08326173262752887,-1.7442956605640532,-0.11870279537636337,0.09009251307715034,-2.488966157440644,-0.2796503156531587,0.14467962644733964,-2.0767328769992024,-0.26374466085147313,0.15174090855944836,-1.6586984610152253,-0.2006840664836507,-0.23416171730309523,-1.6381190176556513,-0.20756886522802365,-0.185357681741514,-2.1858901082252964,-0.2893411667501663,-0.09255332191629968,-1.9512068410775871,-0.23344092860571938,-0.05694807356291562,-1.6398957570448387,-0.1629533498193911,E
0.0,0.0,0.0,0.46146673774201247,-0.44462601468658636,-0.13619713538743194,0.8103470011731208,-1.1328123601573485,-0.18336716210154652,0.9687723565792029,-1.7161788152798125,-0.24558025846522272,1.009909336718865,-2.193198407651707,-0.2933285038296434,0.4504901470978394,-1.7638063229793384,0.010398744141624176,0.5796846834089713,-2.2572496382077265,-0.2171797708822668,0.6765189304626926,-2.0606782500115783,-0.4188257875186099,0.7248794994561358,-1.7739496291058166,-0.5131756171854085,0.14496394469239082,-1.9033055963952474,-0.03117220129861234,0.25166874752788077,-2.648721550283614,-0.12617147969261622,0.34075931878443133,-3.1143214221862037,-0.24169287254419858,0.41813093166068366,-3.506681025672694,-0.32642972906283946,-0.1805220706684814,-1.8708175225275203,-0.12322798177552755,-0.2070751399881412,-2.6258964269484015,-0.23935776091519825,-0.18448375152838184,-3.0913044429654737,-0.34769094505326825,-0.12162338763489278,-3.4820619066318597,-0.4170219037181423,-0.513703797855145,-1.6582154296881213,-0.23287188657643823,-0.7181033357085053,-2.1894500590824193,-0.3249905414663952,-0.8272460684623889,-2.5299255313795084,-0.35052574104081763,-0.8917647687693148,-2.841748615758879,-0.3628412513151465,F
0.0,0.0,0.0,0.44762276089762415,-0.44611199894866344,-0.13184315691032994,0.7816123043014981,-1.1095134242887106,-0.18302740680153295,0.959567398925121,-1.6912717965611264,-0.2513182987178208,1.009201293120709,-2.175984027117485,-0.3102504358638015,0.4406806426613753,-1.7692693230073306,0.031550265645972186,0.5573424190330188,-2.2672347523327097,-0.17271112530411614,0.668049084858468,-2.1963305961921495,-0.3603257750526249,0.7464057470322366,-1.991244749557982,-0.45069053247764107,0.12747137484743207,-1.89582579870942,-0.008044170766053396,0.2230749939202558,-2.6133473249731214,-0.08444841439861896,0.3030113608467095,-3.064386623894088,-0.18433373662937338,0.381770775623868,-3.461208739167788,-0.2577573059645183,-0.19321642842561565,-1.8620656333223764,-0.09751884109032294,-0.22282067939427241,-2.5863512928290384,-0.19257782080744884,-0.20761527368305616,-3.040287596502424,-0.2821699175884287,-0.14796497500350872,-3.413598808710109,-0.3409640592053986,-0.5235755704150021,-1.653773242817027,-0.20692533269540705,-0.7279814862348877,-2.1662068119525695,-0.28802313084659287,-0.8418721839956087,-2.499705665503405,-0.307932629806192,-0.9101185247027933,-2.803041338926818,-0.3158578864935107,F
0.0,0.0,0.0,0.4584129806295583,-0.42705716790925985,-0.13046866971342003,0.7945415430849888,-1.065593831187695,-0.16900334082389154,0.9661201122023729,-1.6097978076575434,-0.2178334242842981,1.0181735335942572,-2.045859739335521,-0.25957091933809123,0.4889692825872675,-1.7254462180509162,0.01746199045374039,0.6822540897501034,-2.1977099696784306,-0.14412201229251606,0.8407670238666973,-2.252598984678214,-0.2928911335957629,0.9610666976434556,-2.189883252161782,-0.369206185670344,0.18328921134887177,-1.8683676655280603,-0.019449519365510672,0.2993965874668304,-2.602549910857074,-0.09539639187815789,0.3877284942238426,-3.0730708933051774,-0.18973811639268406,0.46892538348612073,-3.4579203273685315,-0.2579309767917003,-0.1433444762881717,-1.8410782001409483,-0.09853065760245927,-0.14187688118972014,-2.593031762608954,-0.20540492081346623,-0.10866056311606749,-3.0351974934907058,-0.2987463049743669,-0.037769353893312436,-3.379133949365207,-0.3567909660229167,-0.48559805783919197,-1.649656978638343,-0.1934277678641089,-0.6558657852525022,-2.1874840353613747,-0.2956948545838991,-0.7482986072309805,-2.5381126290530456,-0.3268061679458822,-0.7922901810146495,-2.850507769282024,-0.339486422330801,F
0.0,0.0,0.0,0.4716188966963639,-0.432866928299294,-0.12030525198768088,0.8280227003105289,-1.10591086864697,-0.15343871308487503,1.0067619911202828,-1.690309365022263,-0.20179188508398566,1.0860477511087032,-2.152499952760444,-0.24420233577149125,0.509167155318344,-1.7357169161463848,0.039094230036084594,0.6939523756750795,-2.2417858964922184,-0.1301445417928963,0.8585063990863654,-2.3173905158180332,-0.28299145436767364,0.9889070205549126,-2.264743376504428,-0.3610576263909464,0.20714795059236718,-1.893235493336954,-0.0042429119925334454,0.3426767292253918,-2.6454872107478002,-0.0898758542390311,0.436763995017149,-3.1256779905877066,-0.18767333641045453,0.5155090733904991,-3.540155158749801,-0.25503550712806333,-0.11586460420184141,-1.897377946326264,-0.0911136003117043,-0.11743431383944061,-2.67827400524937,-0.20066557336220697,-0.08108248658619371,-3.1494638225614664,-0.2877675402865683,-0.01451660818308792,-3.5344149222698014,-0.34048826515491726,-0.4630636499102083,-1.7412311754385472,-0.19486485679129084,-0.6044338695306688,-2.323164718194364,-0.28911079617400937,-0.6728789631369237,-2.7011919739127856,-0.31285131140342914,-0.7051566157843021,-3.0349062121868244,-0.32162887451232,F
0.0,0.0,0.0,0.4626594889195711,-0.4226173386711589,-0.12195825225210458,0.8128763938149043,-1.0600281002962877,-0.15220453546619028,1.0035570159155043,-1.6125854948399445,-0.19782092831803652,1.0582905592539091,-2.0634390427038145,-0.2441304616428105,0.5354020948853163,-1.6551262357773202,0.033663195912986756,0.7154170163954539,-2.077389396216808,-0.11622633655348011,0.8602232199656615,-2.171993003205186,-0.25868772473510987,0.9657696670082672,-2.161483047656334,-0.33768078859335876,0.24897762533109988,-1.8136006508793598,-0.015944989566594975,0.3992969365733921,-2.544850968335844,-0.09850257374640788,0.4922843969415461,-3.0420788529685945,-0.19769040430163326,0.5662439486392759,-3.465061041908537,-0.2672945559157597,-0.07703710040004637,-1.8171831203375615,-0.10847838550025032,-0.06179609739876011,-2.5871125688024956,-0.23709331620206478,-0.026920880618595825,-3.0601679558742787,-0.34813525788675476,0.04100496809665534,-3.446212223360907,-0.41509885153696985,-0.4331916599438456,-1.6668341274920502,-0.2147096354867895,-0.5945365195279875,-2.217439873248759,-0.34505024709598836,-0.6889066757045295,-2.5785275819478106,-0.3953978958384937,-0.7406877332755296,-2.8993783757211467,-0.4210137864189269,F
0.0,0.0,0.0,0.4451622742428774,-0.3837431837956552,-0.13057001966556675,0.773815418518502,-0.9298325421059305,-0.1816784884694854,0.9181707755897889,-1.40668236126478,-0.24708632123624857,0.9678517995751093,-1.8075823863524354,-0.30648932239475934,0.5073984838766717,-1.586459820287158,-0.0015151632769304273,0.6467904999026309,-1.9983062259653963,-0.17644645258125155,0.7493408801028896,-1.9563099077575197,-0.3319303822405437,0.8056877985743974,-1.8034991563093656,-0.4095478698452086,0.21001219973855445,-1.730007521731037,-0.04812221686577693,0.30424869534507104,-2.4399882763256895,-0.13419807469306175,0.35276156124607727,-2.9030556045069758,-0.2324584128121907,0.38442692594525885,-3.275103603593191,-0.30119821319580603,-0.11804163507938341,-1.7115949844324552,-0.13834010079414097,-0.14454862069359045,-2.451169471478031,-0.26690377194987197,-0.1480905055788533,-2.9070101892926585,-0.3792346111615927,-0.11406309565956618,-3.2641554485852646,-0.4461077429836104,-0.4620717321836043,-1.538194485605537,-0.2419272212942284,-0.6583490544766395,-2.0667632470684434,-0.3680452093290386,-0.7719864378419348,-2.402659858675487,-0.4137913149875636,-0.8392520855670932,-2.7025085904817163,-0.4344628334322298,F
0.0,0.0,0.0,0.4047565825357804,-0.35323619345243656,-0.1357037350133059,0.6823830147326388,-0.9383951953172812,-0.18007819087793325,0.7981266279798734,-1.4812623588338631,-0.23753319596000763,0.7108748755754709,-1.8564310297859323,-0.29042549068620854,0.47638729205414565,-1.5476211898322605,0.015547807741098226,0.5916666666783136,-1.9351982141045658,-0.1321599837442496,0.5980283187561326,-1.908264732178671,-0.2675130221014633,0.5624006654155356,-1.7831621119577747,-0.33324290665256096,0.1844018036808676,-1.6949117416099266,-0.02184254533145881,0.31504417438442417,-2.4125845334836584,-0.08450527330845763,0.35565386414169886,-2.8935117299325137,-0.15744628508243697,0.38402004486347135,-3.306788360284221,-0.20747441036138797,-0.14222090771959864,-1.6778869295541405,-0.10470201588427,-0.17044039340321815,-2.4176837894703582,-0.23389125283198295,-0.19573962437383807,-2.8758750289920036,-0.35095377387515114,-0.1848174623657179,-3.238112157064508,-0.4171227542020784,-0.49963811445014705,-1.5157593004664267,-0.19976411915606548,-0.7137687251816028,-2.0555260814092073,-0.34233977300455576,-0.875090213861978,-2.3887901889137377,-0.40108997587058326,-0.9962874710159896,-2.680507259482321,-0.4289875171181446,F
0.0,0.0,0.0,0.43898585837355075,-0.37401977744718595,-0.12802819571754911,0.7887392825603328,-0.8982157930505297,-0.19449872060874776,0.9772521378148977,-1.4097261860360097,-0.2769499945736205,0.9149187297536124,-1.8211304928156324,-0.3595209161934452,0.6046608838223323,-1.4970722065476516,-0.010434291171162981,0.7935880082666995,-1.9206039434743896,-0.18514212379933562,0.843153775724246,-2.031827907230524,-0.3338757661474048,0.8268227931991445,-1.993052728991084,-0.4053045835666661,0.31714004303904014,-1.6835155442796426,-0.057258881102604076,0.49621325500844726,-2.3945417404082288,-0.13971292627629495,0.5655842764246126,-2.861905168885116,-0.2222279666131478,0.6114783023934776,-3.282022972450748,-0.27627380329676027,-0.006299582083892615,-1.7152460566622323,-0.14596673239832575,0.012006623400404266,-2.4580949701065733,-0.2705137702640562,0.030397981315896296,-2.9125383455760336,-0.37300415719384966,0.06743602383857747,-3.2766494883570467,-0.43443967727282423,-0.36219090321680714,-1.5895916290600638,-0.2484212201340628,-0.5385102437687589,-2.115973136662824,-0.37595141735745874,-0.6586882729892173,-2.457060080743398,-0.4242211569761018,-0.7481346330690806,-2.7543529466176633,-0.44711635366133695,F
0.0,0.0,0.0,0.4808453211285502,-0.34976125488917664,-0.09768304580228812,0.8588051286544967,-0.8984596690814931,-0.14168974467328418,1.0595716027376842,-1.4084165541827458,-0.2085220784437297,1.0383786563131665,-1.8301860913466368,-0.2732723423991406,0.7242111264079351,-1.513025212076513,0.014893112945244358,0.9546770801167407,-1.9249905767307216,-0.16303039015969564,1.0522252633285485,-1.949566712997403,-0.31046239692363803,1.0770293780868645,-1.8451229348551064,-0.37934838892964773,0.44245769366709975,-1.7512438062126385,-0.04457808300399143,0.6502284022507967,-2.472801767767868,-0.12857781789408715,0.7829387699323003,-2.915822137591818,-0.21009611766846328,0.887776778029445,-3.2918601769662597,-0.2618305003862605,0.12162062692657441,-1.817739178993493,-0.1449771547430148,0.15784232154632177,-2.562730092249048,-0.2645297376071236,0.2181512743676568,-3.0272984074965232,-0.36693137989249447,0.3005694770576245,-3.4028848793652724,-0.42904883176818187,-0.21683827188755658,-1.7136125406061058,-0.25748668366429606,-0.3715470551288837,-2.2563909212593325,-0.37560121537656194,-0.4580617377672125,-2.6253772649069678,-0.42091855909810044,-0.5091655445968963,-2.951097899793808,-0.4428471545302212,F
0.0,0.0,0.0,0.5045039022627068,-0.3207491900030969,-0.12617594021117737,0.9296944140047594,-0.8892155976496027,-0.1975037979927997,1.2269373292348502,-1.3601315941624414,-0.2782231107683923,1.4062632996782787,-1.7845848426777728,-0.3372281662594732,0.7016209861947155,-1.5450468910288417,-0.07658209215746302,0.9119739616306876,-1.9316774067261582,-0.3561346525344307,0.951556769241597,-1.531419298186918,-0.5670630401397481,0.93280576161757,-1.1513115454617657,-0.6542049723102649,0.43991932094844005,-1.764957185518953,-0.12775837409148474,0.6588045452979417,-2.4210969356354988,-0.2768402985697401,0.9124366467366474,-2.7671576466932226,-0.385340197907435,1.1448494413458918,-3.0841285643178056,-0.45615263690317753,0.10908817731499011,-1.8401948171424771,-0.2277764391236043,0.19746458174171488,-2.5857347512123936,-0.39091786847304805,0.34808148987127113,-3.008047516469052,-0.4970800222740669,0.521695202911692,-3.378792832848572,-0.554439988610075,-0.24326653538984577,-1.7404077720098468,-0.3393019005772152,-0.3633723614588176,-2.347153789817491,-0.4465810001003793,-0.39942179069081085,-2.729830832290731,-0.46556726245096347,-0.3956448089262602,-3.077448023788588,-0.4705768612141494,F
0.0,0.0,0.0,0.48892117642889515,-0.3755492220082283,-0.10999332632181276,0.8881566969735332,-1.0149043865792629,-0.17792959756792415,1.185588625310251,-1.5146518273491196,-0.2645970028043503,1.3907660708492953,-1.930923454043982,-0.3324685197895547,0.6208438494237084,-1.6939844269790032,-0.007144734549975784,0.8709235736892068,-2.04935632930241,-0.2808489289142335,0.9401934154631503,-1.6785680090575559,-0.5064537244352594,0.9409127008246706,-1.2977954134869556,-0.6078374022733684,0.3494814356578468,-1.889385329293346,-0.07373004910024643,0.5586804502412398,-2.5688535280116773,-0.2214239598820054,0.7901040344836423,-2.9258178126803625,-0.3358569984685527,1.0023989832251987,-3.214468652785737,-0.40623015779622423,0.01904395269759172,-1.9185659863625417,-0.19248743555759998,0.09366747585769045,-2.672693655226843,-0.35464858777134384,0.23020104107868433,-3.09660678157211,-0.4567681634902852,0.3994301181700758,-3.4570662193285866,-0.5095356168020668,-0.3252739058263036,-1.7622788611170934,-0.3236839319117505,-0.45799605361265777,-2.3353941000502187,-0.43328013504782176,-0.5089211806930247,-2.707068306110343,-0.4469346754009462,-0.5106355754038086,-3.052763210708384,-0.44659240133595557,F
0.0,0.0,0.0,0.5026762102833442,-0.42300324017937496,-0.11763855802676744,0.8937491616120324,-1.0817642446156364,-0.18334531567771128,1.1486747466755045,-1.6101466469758976,-0.26822078488417717,1.304849803387318,-2.0807361620311964,-0.33385863511098385,0.5633469018446144,-1.7445114190617779,0.012543321290122636,0.7785131087383979,-2.1348746947249744,-0.25810301895162296,0.883882404161834,-1.8090268571094756,-0.4909233901323229,0.9222227964359996,-1.4336230474826248,-0.5973298827532785,0.2763824935985036,-1.9376981447111303,-0.044610857630400506,0.4467353498953301,-2.6446030785369823,-0.18404551286093057,0.6713440436689534,-3.0495260338420604,-0.3038358736879029,0.8899139164475942,-3.375833589267646,-0.37993984120057495,-0.055510011979355414,-1.957770052848523,-0.15520592868222774,-0.03768991715337476,-2.7226089320673292,-0.2992694378451992,0.07683609461930659,-3.165252866539977,-0.39514768915189924,0.24187442300508727,-3.5266319940400237,-0.44469744876041256,-0.3911632138875845,-1.790916606527367,-0.2820020869938766,-0.5557692321228621,-2.352950498760183,-0.3681825719114291,-0.6182440785556742,-2.71382020922743,-0.36954555482253565,-0.6221191561853744,-3.0322058547268895,-0.36132181804524216,F
0.0,0.0,0.0,0.5123797806807754,-0.4314878393450424,-0.10475107237756126,0.894046528963646,-1.1005333583049632,-0.16774522532110742,1.124342352562423,-1.6669889506983713,-0.24909603671904104,1.2738349453187534,-2.1602786842942185,-0.31711269305433315,0.5376182919126764,-1.7899544747186236,0.018826631280410303,0.7347397740496266,-2.267380817476875,-0.22934738000254754,0.85845219531632,-2.0863730701967103,-0.4398420864686476,0.9236664364232855,-1.7915054047834527,-0.5367559980460236,0.2414113235859468,-1.9660357824860277,-0.04144027747731117,0.40356884282659344,-2.70871664925247,-0.16899200008897355,0.6158944013722227,-3.142906775615461,-0.2768651463341089,0.8188497261185157,-3.4986174349898045,-0.3454447243139019,-0.08735201988497038,-1.9730732310254682,-0.1521545793118508,-0.07945189938751174,-2.7727528450799457,-0.2921129436718149,0.03828571979957436,-3.2600271802687493,-0.3877831933362932,0.20353269473649604,-3.657725718969692,-0.4403124682209199,-0.4177448548321441,-1.8013402409967803,-0.2763879045542837,-0.6160530277627603,-2.388486428273479,-0.37344174189914225,-0.6791754303310019,-2.7720826297853285,-0.38755183185909925,-0.6729108155805311,-3.117998297489939,-0.38870520923129265,F
0.0,0.0,0.0,0.5003175087838863,-0.3912182967804881,-0.12741317875113572,0.888513448025007,-0.9987467262918225,-0.20029100058025504,1.1515695228977811,-1.5373805393423985,-0.2864389689934669,1.2880656947027802,-2.0133398183317617,-0.3606016770750177,0.5493108449935487,-1.67202625846349,-0.027465357574548883,0.7900326909134393,-2.101546670038652,-0.25984619297045414,0.947723204086052,-1.9626877692267128,-0.4521731391150413,1.0450760800886707,-1.7220532431346118,-0.5407338635198644,0.25432118143288834,-1.858549414939611,-0.07576865111905792,0.4122078003854118,-2.5893163195691735,-0.18528511091415173,0.5932862017662358,-3.002846287680366,-0.2738050633264678,0.7629417143417176,-3.3338986762855134,-0.3318534884174497,-0.07857656619954545,-1.8751168969322234,-0.1720063233054342,-0.07601445691915243,-2.6351403098626895,-0.29715756881279354,0.024434634643839034,-3.091298726402915,-0.3765703360611168,0.1706120285223937,-3.4544429708838167,-0.42127497257261637,-0.41631255995675437,-1.7131124204341888,-0.28414291231337024,-0.6126268159563993,-2.2715369086206607,-0.37836992039742945,-0.6804237494153194,-2.6412486956491876,-0.3884325300104868,-0.6854842972683421,-2.9705666941748636,-0.3866756732669909,F
0.0,0.0,0.0,0.4876559114136718,-0.3749095871372262,-0.13245335385804446,0.8564784312281538,-1.002170236863442,-0.1742575733272267,1.0844226140611033,-1.5430303032008836,-0.2271609917231848,1.146255644177543,-2.0009063720526337,-0.2740466690397368,0.5678771328393146,-1.6752477650231887,0.016382223491753733,0.7438910962592361,-2.102731276163879,-0.14754910650284278,0.8912940580009676,-2.1315332671161538,-0.2922602078998864,0.9987135667917247,-2.036278798243548,-0.3617655036824129,0.2613026321812603,-1.8491524253843408,-0.017419518814333644,0.3984784046112128,-2.556715138556976,-0.08150502289254971,0.5190714575293123,-2.988986518378175,-0.14680150728414304,0.6406123831410203,-3.3665766921876608,-0.19065688250444227,-0.06658283567883354,-1.8666442807881802,-0.09723525382163652,-0.06243395580421452,-2.5863770865052653,-0.2008492086947613,-0.014918721250862747,-3.0302742225976833,-0.2758496776817661,0.06938300117349197,-3.384108968601889,-0.3188031485814687,-0.4083707732202744,-1.7231237570942572,-0.19491830962986156,-0.5935244323516495,-2.2499563854599014,-0.2960817407481878,-0.691979908405266,-2.595917455482194,-0.32314160720533136,-0.7401440685962287,-2.9064330046531204,-0.3310801041721327,F
0.0,0.0,0.0,0.4689257905606223,-0.34032780894234194,-0.16740322809385771,0.8224796352107032,-0.9162378060359139,-0.22322523986450482,1.0092355437166727,-1.4529304861329495,-0.2815364263896582,1.0732051213594076,-1.9099737807372221,-0.33685670396711015,0.5683260517290947,-1.584332039139967,-0.0102277574692578,0.7643673343116812,-1.9531527926220673,-0.14409878361640982,0.9125666936853574,-2.0794850070584525,-0.2687346557485233,1.0171786723961889,-2.108907297977303,-0.338792127665455,0.27703647294674366,-1.7693256842822405,-0.033877895031136085,0.45289035886984824,-2.469390144721916,-0.10609112159955338,0.557994839387427,-2.94480873998187,-0.185207384807627,0.6469024175167503,-3.3553025241342285,-0.23904762892911774,-0.053170456225800265,-1.7929408546860544,-0.1022967422273097,-0.02374039918121938,-2.5619012051902255,-0.23510662348513797,0.004257131254642779,-3.036602404585818,-0.34915946058148417,0.06322014650973465,-3.4077271087013217,-0.41566524455525267,-0.41334330511833467,-1.658721492393127,-0.18570277868723742,-0.5885092417371393,-2.2220341863745645,-0.3349760880831659,-0.7061149195609369,-2.5899582759233555,-0.40423646022556875,-0.7801353200476087,-2.9146243979757074,-0.43908889097295056,F
0.0,0.0,0.0,0.4803202257154797,-0.2602989130060036,-0.11658889208185985,0.836690656630412,-0.8028830741985802,-0.15033837831590657,1.0149805211866334,-1.3011907940612073,-0.19295478724404863,1.180196083245249,-1.6060936135015382,-0.23341337808093054,0.7568313953269019,-1.3698837383222107,-0.04681141901230351,1.0735068586634853,-1.695276820921719,-0.1799464220323603,1.2031924568971135,-1.807987697418214,-0.28287811364405074,1.2743407818990122,-1.860684062461654,-0.33710404145819417,0.48207845208295513,-1.6439996738445617,-0.09130333838041019,0.7262899583517212,-2.364790466347906,-0.18429847275976674,0.8744235675212135,-2.810856566307402,-0.25134140906093333,0.9789879141761474,-3.1308180720990935,-0.284611715577367,0.16186405695972889,-1.7313359537743744,-0.1681950990609811,0.23616036051141143,-2.530442547288702,-0.32413867882427805,0.30535574195482734,-2.983730802031669,-0.4413414166365745,0.3796265287451298,-3.3052744989144105,-0.49899547577648706,-0.1782710307561551,-1.6598689730261933,-0.25050731093763623,-0.3111064301653797,-2.265694908444468,-0.41615037367779606,-0.40408434452794184,-2.6396378823631528,-0.4842577234536748,-0.46617999088831774,-2.936590408007774,-0.510858567478703,F
0.0,0.0,0.0,0.4885327882821159,-0.22870673618634804,-0.17202068026684866,0.9133491171432124,-0.7315338539432891,-0.2370476103657122,1.1820345286194929,-1.2087498358735644,-0.30377104725300974,1.409940708828336,-1.5666034286400141,-0.3695304932021334,0.8233638997049801,-1.4084685859005803,-0.07394113396179097,1.1561568577266825,-1.7159955408982708,-0.2504773845468378,1.3457130471936527,-1.8379830310762195,-0.39956184054414323,1.4816573402763382,-1.8935671601794324,-0.4842086711953254,0.569267242289076,-1.699462760564729,-0.10539823394396396,0.8661121944277773,-2.3837026450483427,-0.2337571224652982,1.0753143318320229,-2.8434347506480484,-0.3369585057201121,1.2375619279048227,-3.1882487253866016,-0.3979976505097109,0.2523272575653854,-1.8125370138814936,-0.17796467370612168,0.3916201945349744,-2.5966895170065727,-0.35887348790954404,0.5045946160493185,-3.087014206910547,-0.4854106936354212,0.6230746822355617,-3.446535307703775,-0.5491523090860186,-0.09410779548866194,-1.7587226015551563,-0.26253544203165013,-0.20142761694336855,-2.405057459901971,-0.43873001629212327,-0.2479685693790725,-2.8186054721438314,-0.502901898887994,-0.2666469411487618,-3.1544377539281125,-0.5269810919370409,F
0.0,0.0,0.0,0.49137450877532113,-0.20403509014839527,-0.09053541586773917,0.96703216788043,-0.6130237365243765,-0.14219128090595864,1.3026561414285558,-0.9759655673520576,-0.21578168213604276,1.5875792132380457,-1.2317047881733134,-0.29136776613503584,0.8483435855679221,-1.308511135640035,0.03837868387803219,1.1301431461694063,-1.6055126115673992,-0.13155810238669557,1.3079877250101994,-1.6153762833730259,-0.2898967332743116,1.4342111196862726,-1.5361880996798467,-0.37930084654879254,0.6220848857275197,-1.5871090821170888,-0.03130090490693648,0.8934676968942799,-2.2160975996626524,-0.12691477237562043,1.094379275834669,-2.5845777748933636,-0.22728129596410734,1.2707326338758271,-2.8865499868195124,-0.29768038516229833,0.3399947096230617,-1.738534289941688,-0.1405104978195853,0.539855834609993,-2.447505340221893,-0.2660326596129128,0.7238463258897216,-2.8623114429735526,-0.3570950597606788,0.9126204694381951,-3.166993341740451,-0.4130189426729458,0.0070362251412755435,-1.7580342874667605,-0.261839339004864,-0.020434508001823417,-2.373450758298956,-0.37116875878171923,-0.0029079713766335183,-2.7665960161711385,-0.3968862630857829,0.05207405999018786,-3.083522514796675,-0.40767839087851504,F
0.0,0.0,0.0,0.542360251769562,-0.14016172689816556,-0.08737395596257067,1.048894667042436,-0.5708578235895826,-0.12219858121349968,1.4016571604813233,-0.969394831958689,-0.17566393000140865,1.6396446158269924,-1.3187815889830699,-0.2241990511514625,0.9048065702425468,-1.498244944521105,0.01262550030572729,1.2621977855609143,-1.8835608635659038,-0.18111500533715413,1.4358579088358092,-1.7452426471195968,-0.3548233172166681,1.5223217534271265,-1.5141165297167793,-0.44487988999681155,0.6927675544922282,-1.7812064689675948,-0.06151735673581985,1.0704700827315865,-2.4492085957152745,-0.16306615557751902,1.3659784647620978,-2.7836857412490836,-0.2745026613930878,1.6093480027678577,-3.017901161019613,-0.3565311311737552,0.3977960728097039,-1.9154230544972446,-0.17653737400540423,0.6592377680829735,-2.6681311840148174,-0.30559248586006255,0.8904299353458965,-3.1033605245701166,-0.4302737563597571,1.1296599128123643,-3.4305669538202213,-0.5171917346117387,0.038361235582128284,-1.8858562596943265,-0.3020647448479492,-0.02732960102646988,-2.542368980578685,-0.4259989080500755,0.0049033846640777,-2.9583617898474843,-0.4791137858986648,0.10364138593185197,-3.2922310804806183,-0.5130780463258172,F
0.0,0.0,0.0,0.5171716249500834,-0.15503455978622827,-0.0795870953053367,0.9940431337830766,-0.5743994012074655,-0.1328824417279098,1.3656397737312125,-0.9179079144994152,-0.2103678406607458,1.6225474189390712,-1.2207341274997623,-0.28054696920943123,0.8862410290054982,-1.5053036435007026,-0.009630982170463346,1.3319917281110398,-1.848387278169816,-0.2473321947699809,1.5174991060783842,-1.6447464662070963,-0.4512198985702107,1.5788620462419765,-1.3523769499454334,-0.5467827273140654,0.6881869921920011,-1.8070576749520126,-0.09480789208628854,1.1067447708158897,-2.5058535489323686,-0.20861513026402956,1.438939255302006,-2.8707967411433186,-0.32566419835943716,1.7041034559195996,-3.1500308283440397,-0.4088029641604162,0.3985512978633361,-1.9476236370973785,-0.22200321835610584,0.6750818624169665,-2.716497283350409,-0.35123098543280185,0.9320280703523437,-3.137786473736826,-0.4733688056847103,1.1750476246925183,-3.4530567411833215,-0.5547152439118742,0.052549979685378084,-1.9320215707155302,-0.36016064550439314,0.03539645214104996,-2.592048131137248,-0.4640504410667104,0.07275409442446228,-3.0148078698203697,-0.4972294502979378,0.15143169924379854,-3.368401224978505,-0.5178867201241212,F
0.0,0.0,0.0,0.5165178794709352,-0.20296989669382437,-0.1049874006867059,0.9711571780155005,-0.7227573756803198,-0.12336281644166991,1.2261149806403775,-1.1808579252794764,-0.1519576544002449,1.4279549823430149,-1.4655520410647906,-0.1768792912289728,0.8181021968716892,-1.3629232484058127,-0.012303253722593704,1.1607963758868405,-1.6835104830429402,-0.1651381516358204,1.4074537260965891,-1.7431250285414512,-0.2975378654170898,1.6048554177909036,-1.7211072385186097,-0.37363453803668956,0.5687781004052315,-1.6647368198627492,-0.06193773059047484,0.8353223302505244,-2.3620166706961663,-0.16917401615563596,1.0620169892982132,-2.789991084265543,-0.26943349012930684,1.249677809573605,-3.1144565333530974,-0.33499886140165175,0.27342488399183906,-1.804973284857215,-0.14448476060855966,0.4019357318032064,-2.573006517157012,-0.2846691620371909,0.55540252115905,-3.0341451378697504,-0.40124828007774593,0.7052576493916954,-3.3563906738378777,-0.46897916969924264,-0.054196144075395906,-1.797207455327074,-0.2370093551077894,-0.15169522560422952,-2.428218934602768,-0.3652391316846006,-0.17199633942065437,-2.8499878714807454,-0.420378484867139,-0.16238586382733833,-3.1843138225760637,-0.44924258641501535,F
0.0,0.0,0.0,0.5193294936316999,-0.2743468889103292,-0.10960127629073464,0.9560493514051908,-0.7787902123126,-0.16169486036297356,1.2537021187414867,-1.2201393328698054,-0.23201349606916669,1.422493617216346,-1.6223327108297187,-0.297549946435707,0.7562657584900424,-1.4761539627427742,-0.023416853960596545,1.0509832957179723,-1.869270138439117,-0.24752048181470707,1.2111980442479091,-1.7928302250852248,-0.43877683393050815,1.3121550756975395,-1.6138190298600512,-0.5355672135299195,0.5070341969057448,-1.738340522534194,-0.08532224357658383,0.7700570513090452,-2.445529788619339,-0.20682307724447213,0.9998923802434313,-2.8717464545987443,-0.3215300716252588,1.2007986009181182,-3.2276427898932467,-0.40248363444760116,0.19496449251591666,-1.845743518599758,-0.18913833949243264,0.3417827600119466,-2.5997532998449304,-0.33255259701245926,0.48962652904562226,-3.0574262479225016,-0.4434390896719027,0.6499428186257195,-3.42145122809274,-0.510068821015433,-0.1522649041990486,-1.784117561498628,-0.3057826748296684,-0.2338250723090151,-2.4032016765667223,-0.4245081089688251,-0.25598908693799066,-2.815064474467851,-0.45965250706746297,-0.2411130077446024,-3.168212579165618,-0.4762373218910559,F
0.0,0.0,0.0,0.5355917592261987,-0.26261164811996074,-0.105084325318118,0.9778331559260682,-0.8402459329480138,-0.13764433310405996,1.2708666219646718,-1.3205990653012776,-0.18504114944013533,1.4798170885385566,-1.7006621699508264,-0.2261104454754225,0.687637928823717,-1.588188916124125,-0.0018108490551459354,0.9827744273271337,-1.9858046478336524,-0.2051640711476326,1.168585381571102,-1.920630132944845,-0.3883595283694573,1.2887359007421164,-1.7722083602732708,-0.48469405976770674,0.42145283529606525,-1.8463612849825886,-0.06293473527386045,0.6885701022382017,-2.57620895613585,-0.18053341476212617,0.9274656993720384,-3.016626698830053,-0.29482632597792,1.132200526234343,-3.363163020555999,-0.373022266483998,0.10359572117320268,-1.930063002951654,-0.16419070459627144,0.22792289701498625,-2.7198388923961345,-0.3035680377847331,0.37907211471734914,-3.1761535087853363,-0.413812119943295,0.5499156330288167,-3.5302398880382113,-0.4814746248249261,-0.24523376083063583,-1.8197984461477539,-0.2776866113896914,-0.33494604817108714,-2.4182667725938907,-0.39214015667058216,-0.3612623363706162,-2.817352233333299,-0.42300985211293046,-0.3477677070764815,-3.1529244038528534,-0.4376262269553191,F
0.0,0.0,0.0,0.49885780559281745,-0.33250893083524885,-0.09623083444334468,0.9091344235308175,-1.0057530184744845,-0.1202702067951773,1.202754350790038,-1.545743865031234,-0.16499112517852835,1.3891803081356515,-1.9395126085447463,-0.20702453072186966,0.6402287210143084,-1.746668344979123,0.028464251931784725,0.8853684966520797,-2.1514715145446517,-0.12414270974110563,1.0953126996930957,-2.146270591918659,-0.26978911170050823,1.2706503373958744,-2.0545551670673143,-0.3494327544325953,0.3726745627327894,-1.9458154831021521,-0.03384668882396173,0.5938164014944703,-2.69463099846228,-0.09850396266467869,0.7735870737100928,-3.157727539866774,-0.17613851038133582,0.9385595596695281,-3.530230484001851,-0.2355417414117144,0.05081898057334521,-1.9902979534018361,-0.13735337619044838,0.12606054894050542,-2.763018525194304,-0.23859664322920424,0.2338855707579496,-3.191662155328,-0.32860474492354713,0.36537484785726865,-3.516259430586308,-0.39036804222950866,-0.31085135180724793,-1.8677187010937657,-0.25577773364786377,-0.4860743222955196,-2.443484954128628,-0.35645745910532334,-0.5700397723423786,-2.8251654798888035,-0.38660561980950714,-0.6006001139047094,-3.156321337592869,-0.405593531082756,F
0.0,0.0,0.0,0.49182555354626784,-0.3698870840241475,-0.11135228010910235,0.8851726494259076,-0.9861871770059879,-0.15835557833969957,1.146766583806774,-1.529581695711785,-0.22513417376632597,1.299652751146943,-1.978813210076459,-0.2843861640938146,0.6385400453649736,-1.7220710403300792,0.02452178169339665,0.8154552996150377,-2.2454480807171615,-0.16529497131107632,0.9617380120744399,-2.2172404461322723,-0.3358556922611012,1.075796800822712,-2.0515432642877447,-0.42313655486308105,0.3415093899987375,-1.8972057410343253,-0.027441305239320105,0.4975576488166606,-2.6195964018690336,-0.11221980021805986,0.6487467321529184,-3.055615155803349,-0.21219442017002532,0.7990823979298664,-3.432823766795416,-0.2874735132773261,0.01916133044728601,-1.914455852998696,-0.12392552587018119,0.05415106033440661,-2.659870065794533,-0.22658940574767336,0.12991098090799597,-3.110774091354052,-0.31889718738209577,0.25212521195407983,-3.4803600609559933,-0.38408546132197846,-0.3254130299267064,-1.7660017623159487,-0.23789879734245745,-0.5041458919584818,-2.318586121567862,-0.33346150106666134,-0.5838846573778304,-2.6899487442697376,-0.3665831123978792,-0.6034485138402936,-3.0301549952987976,-0.38632436601468145,F
0.0,0.0,0.0,0.39017934572189794,-0.31112207087451627,-0.15164631433714382,0.6302952684114235,-0.9461331769431033,-0.21523467848672856,0.6655485751835092,-1.4670846826485764,-0.2818978570267529,0.7536293393841598,-1.8653430755595697,-0.35051518791984565,0.38275643091035505,-1.4860669989997102,-0.1654321787200418,0.4275852644060926,-2.1978310260106118,-0.3424236220163312,0.4606850488141116,-2.642444169898533,-0.43905660287561993,0.46106652818440924,-3.01111530205451,-0.5015242670523353,0.07322916838183244,-1.4238218265201703,-0.18839212690034543,0.17553392351842498,-1.6735314849725027,-0.5107389133812337,0.2358707886945191,-1.1151434087002574,-0.5655008536070297,0.2187227295542673,-0.7550802963208287,-0.5231600197633376,-0.21284940397481641,-1.2612478831363432,-0.22770747198518404,-0.12595617261105885,-1.4547213520302913,-0.543961608803549,-0.03491036986799954,-0.9374796345686672,-0.4586757045002041,-0.03154958820795514,-0.6566932159584382,-0.31529782503234194,-0.5015555406815343,-1.032507147206957,-0.2762283778470926,-0.4024838004469151,-1.2560425258098955,-0.47729425735871833,-0.27377017233981477,-0.8848488347629765,-0.3867901355950225,-0.24721684099201052,-0.6530192388249275,-0.263333495027474,G
0.0,0.0,0.0,0.4045188793189183,-0.30665914951026324,-0.1679914051587244,0.6590271601959317,-0.9613863673906282,-0.2398492963539168,0.6801511035073825,-1.512281868377296,-0.31209715951491773,0.790638135257663,-1.9239223624477155,-0.3845133743002141,0.4041412508135927,-1.5270248820761807,-0.17773675129618546,0.4490765626287456,-2.260280846754487,-0.36100549602898374,0.4799965242113514,-2.717513937066406,-0.4609954319566582,0.4859666510574509,-3.0926050764744195,-0.5255426228628409,0.09231001696355838,-1.4556512343307053,-0.19455317569387667,0.17823414367737064,-1.708008768950376,-0.5307286977496586,0.23501173660041805,-1.1628632665349463,-0.5915992814059208,0.23839024055980454,-0.7897321988926702,-0.5506570499907796,-0.19459773553498827,-1.2956663447189902,-0.2294572652765835,-0.11840172837093008,-1.4869373529451582,-0.5540958954508631,-0.02423736322153242,-0.9691336425064536,-0.46825699093360373,0.002836244307650509,-0.6669942535467948,-0.32200857073297406,-0.48166422842329415,-1.0734552223216731,-0.2758347467093912,-0.389892440593763,-1.283398688972913,-0.48217615131083297,-0.27229650572475506,-0.9053131849471372,-0.3948600620533242,-0.23774845812464532,-0.665867568827293,-0.27151976746237255,G
0.0,0.0,0.0,0.40648394414510963,-0.2907866351380361,-0.18301382196473076,0.6771743048257313,-0.9083791422645004,-0.2708298991619105,0.7599226669772103,-1.461274458927918,-0.358396811829162,0.8604995497499301,-1.8912663865015324,-0.4465139951353155,0.48664080912594687,-1.543525732415458,-0.20277511199967468,0.5773441403953479,-2.314851048963288,-0.38634886249347067,0.6258293562166387,-2.785146540886348,-0.48944343887974084,0.6340410872894837,-3.1766030884909164,-0.5582661861644004,0.17873112854474948,-1.4833442032900788,-0.21748622696243886,0.2854169612111684,-1.7665588415497218,-0.5477206501727747,0.31396064196575324,-1.2329274936830745,-0.618988372860321,0.2709238652120915,-0.8880428511970493,-0.5924885157164282,-0.11239072358999161,-1.3283486708246957,-0.24937044897234723,-0.03341099433486409,-1.5295762399272266,-0.5704131508102663,0.027191649204507274,-1.0294963612331005,-0.48978811389531685,0.01079764646185801,-0.7600811275556713,-0.3535335682979871,-0.4099815505334869,-1.1100805426075173,-0.2932936824209265,-0.31547237449020926,-1.3295710810013943,-0.499475954872362,-0.21636660127564725,-0.9760669272846453,-0.4113516005273105,-0.21614550070335245,-0.765455763066209,-0.2908163016746949,G
0.0,0.0,0.0,0.3692285494121216,-0.29656489562173893,-0.1713538480685714,0.6414850596069251,-0.9266092212726429,-0.2456755303041743,0.7010608919577006,-1.4628676237930605,-0.31752620986199726,0.798596188088792,-1.859513952913907,-0.3896574372879035,0.4401819012739192,-1.4906684722325918,-0.19840367040553816,0.5058517141814816,-2.2093675450810264,-0.3795752060681594,0.5400156097898471,-2.6549296980070856,-0.47748668217643514,0.5475057110806298,-3.0195625032383373,-0.5418119386969642,0.1265885469937659,-1.4216437012376661,-0.21316167691440396,0.16822822609126906,-1.6989930264629047,-0.5447955456883581,0.19598260921225413,-1.1722049042155045,-0.6067402313065918,0.1901660698307407,-0.8162043826402315,-0.5695515650271028,-0.1674110308086961,-1.2724468051519175,-0.24478260938436294,-0.14641005756177422,-1.4614877118911156,-0.5645902103782819,-0.06624819806458343,-0.9690763612463512,-0.48426366239377255,-0.038700747699449874,-0.6889034574778228,-0.3448835441345322,-0.4616499590311117,-1.0679313264535977,-0.28780502004521963,-0.41245845000743153,-1.2984933176691253,-0.49465544853729126,-0.31487830944099904,-0.9357596472598531,-0.41144176988049175,-0.28370359261004496,-0.7070173675892546,-0.29268357457697985,G
0.0,0.0,0.0,0.378789030937556,-0.260725953306798,-0.2030664500652781,0.6363934189620928,-0.8483442134363667,-0.30672538644399794,0.7301089216078063,-1.366560639710515,-0.40810448187427967,0.8541243658883836,-1.7689276481910952,-0.5093714917183146,0.4888063393044161,-1.4830754970672624,-0.22068747203554237,0.5943472981757089,-2.2082031352001095,-0.41663396325466767,0.6435832397556106,-2.675102169823751,-0.5311498796801962,0.6593096158838172,-3.0494777850660695,-0.6038455539980448,0.17096771826865836,-1.4329104281793876,-0.2276563994586673,0.2237911303968304,-1.7061538655859365,-0.5773530463007831,0.23418594034746545,-1.1699525203260013,-0.6454261963949722,0.21725747984706364,-0.7602129878873793,-0.6076188987938015,-0.13335745468770688,-1.2974466426162938,-0.2561145669616343,-0.08667130773900585,-1.508639792192021,-0.5799291853135173,-0.026327306471395362,-1.024233940321534,-0.4997410347263391,-0.011941322718434991,-0.6938983252605513,-0.3579865828454699,-0.4344991042793155,-1.1074109585654714,-0.3005824803957958,-0.35599845768703303,-1.3647311687706885,-0.5078475729166215,-0.2569219953639816,-1.0140674483441892,-0.4243004831927396,-0.22752129967840715,-0.7423027113159373,-0.30270146511184975,G
0.0,0.0,0.0,0.42366348871440945,-0.16854737676436543,-0.18617925689665013,0.7733046527644754,-0.7198786964823964,-0.26933247019104817,0.8794264190288995,-1.2425723369815802,-0.3458162177889288,1.0254377522178602,-1.6183494484748024,-0.42228496490859785,0.6112003636537398,-1.37502745592791,-0.20319064280073754,0.7618443928623283,-2.0596155370201417,-0.38218072505949713,0.8414238015392903,-2.4947338021578442,-0.4771444554678512,0.9025757686238381,-2.8550749206766253,-0.5392651001822885,0.27705846348797036,-1.3730441238069695,-0.20997983551271712,0.3561066074251781,-1.6091270806542484,-0.5495345488351946,0.32645617184257536,-1.0388248222281435,-0.6053620052266016,0.2997748291564637,-0.642520729450465,-0.5567472216557016,-0.03963521786691687,-1.2801957508181214,-0.23549363219039945,0.008620450564794315,-1.4666401480472782,-0.5618636237811756,0.0446650442974052,-0.9381241075201482,-0.47828291003918655,0.06152906170728723,-0.6256206476219652,-0.33204643786265636,-0.35209206819483946,-1.1158423917650517,-0.27312484943915627,-0.2902470737443399,-1.3345998753665682,-0.49014066943250145,-0.20844158355562462,-0.9288772749477833,-0.40945760518462476,-0.17274835427574523,-0.6767241397062775,-0.2878000888112207,G
0.0,0.0,0.0,0.4270336230484786,-0.1273504889739417,-0.2122367607365235,0.7917874186191072,-0.7077254530821478,-0.29832913451213916,0.9375596971426837,-1.2495260252646172,-0.37307735475263676,1.1414300059873017,-1.608348620783572,-0.44517494107406064,0.6808899147635303,-1.3723473151785637,-0.21371641399307248,0.8521925538869519,-2.0667276165560824,-0.4125519852640349,0.9481552615433293,-2.511726604245717,-0.5177010429955481,1.0076930539324824,-2.8873987730088597,-0.5886407924137441,0.34922682823433626,-1.4096591316256066,-0.21500273537944647,0.4156721865591468,-1.6317591326464138,-0.5807145972354796,0.3606641741696264,-1.027679120279186,-0.6423584410452468,0.3199468895679348,-0.6581960887667385,-0.5940824539976052,0.024488929476468448,-1.3417761413446883,-0.2394767782777056,0.05840147445832872,-1.4986885183557335,-0.5981757546829778,0.06977336786113437,-0.9234418957202648,-0.5120235683305245,0.08325155474273642,-0.6401792141443965,-0.3581513210596354,-0.3028219509356025,-1.2044768674331128,-0.27798520934877513,-0.2483824848045859,-1.348687386564716,-0.5161135286129819,-0.18494000346568099,-0.9122588076996258,-0.4391802733669971,-0.15067560271008043,-0.6993862582333028,-0.31762247875283706,G
0.0,0.0,0.0,0.4536527554013372,-0.14714460524988401,-0.19512868744680129,0.8401095172240666,-0.7030257821314764,-0.27571506869736045,1.018938895676506,-1.2197672312791579,-0.35058057325202796,1.2218235087149663,-1.5573311069594766,-0.42362486606640026,0.7316381089921794,-1.3531716603001414,-0.22860240012251284,0.9232321726646909,-2.0596881509797695,-0.41798679273365075,1.0376600706879155,-2.4962139546045963,-0.5130592130324229,1.1119616559964332,-2.857482145020793,-0.5745344150662396,0.39459856946066013,-1.4044256161608475,-0.23371134451594155,0.49082807157257763,-1.6099494267411498,-0.5895496682048741,0.43785026817292655,-1.03411350301775,-0.6444761667069079,0.37582951520181007,-0.6420225604840142,-0.5933522730701942,0.06602762316240737,-1.3564420464576321,-0.2583145385989654,0.13718280231595278,-1.4731780745434457,-0.5894421831869919,0.1443956357748856,-0.9293934143597171,-0.507367226888531,0.1338820537088657,-0.6136286097031007,-0.3614237144063756,-0.2597834543199662,-1.2424906053357665,-0.2981220942506822,-0.16339513324092894,-1.3531813918544993,-0.5052955249390654,-0.10593964705015538,-0.9510908879559239,-0.4319727880256298,-0.09394102978913137,-0.7209929563112417,-0.3184051594076368,G
0.0,0.0,0.0,0.48948026868343997,-0.16449972959406203,-0.17244799841260558,0.8727924819524143,-0.7251009787821884,-0.2457462163942077,1.0305032638424738,-1.257582684216219,-0.31973422998920503,1.228879260944889,-1.6261328287591028,-0.3903751220093141,0.7588515597759884,-1.406615937827254,-0.16878334838339012,0.9531314896466574,-2.1032170304549633,-0.3532816549120235,1.0697863963742757,-2.534871419383977,-0.45010394483692706,1.1460124535736238,-2.917397857447228,-0.5171718576706997,0.4405753175851023,-1.4504364473303344,-0.19628080544401086,0.6175487302792755,-1.7645256402602825,-0.5473066064734344,0.5819649082952195,-1.1810759427670199,-0.6143233712270076,0.5081529232364045,-0.7827263697867207,-0.5703563056202038,0.11814438572098074,-1.382655773541713,-0.24287019941473853,0.2591766140277786,-1.5910137654911747,-0.5857340858492575,0.26497507696037653,-1.0336144740571984,-0.5076680460788823,0.23194180016064067,-0.723446887973124,-0.3593637332165471,-0.21873627450097613,-1.2430396289315326,-0.3013156744088763,-0.07950914841251935,-1.4313241244661994,-0.5270370766142992,-0.0073322604917261695,-1.0161538971044684,-0.45318109541314633,-0.0009060684556599163,-0.7667824726402042,-0.3371074301928951,G
0.0,0.0,0.0,0.5297662770082372,-0.15127133263124662,-0.14785667767290664,0.9122049643250483,-0.7111687103077097,-0.1913983853122849,1.0854488772719975,-1.2483673857879756,-0.2434603586486692,1.2793380322624464,-1.5996231916772246,-0.2993291007476689,0.824533836538382,-1.4318156248647878,-0.10789058535850433,1.0573399234027339,-2.1085747866056415,-0.2604418948144296,1.1984566833439405,-2.517911296854485,-0.3502680554449702,1.315893241412441,-2.860958481025235,-0.41506577861606087,0.5088440857472606,-1.4878560902654845,-0.1380287206586282,0.6460807732345741,-2.0378139136142197,-0.44346977386273667,0.5981883904018226,-1.6106058286104734,-0.5285201044141082,0.5375963550726979,-1.195618301790958,-0.5046937300665372,0.18380764679245695,-1.4228815771180994,-0.18452906182748433,0.2752937848424786,-1.883051142041544,-0.4906149417919918,0.2888632527203737,-1.3950008628049473,-0.4498376922708589,0.2805940918513208,-0.986151449169756,-0.333529263006808,-0.15405195844289601,-1.2754527409162641,-0.24175802122010803,-0.05111278730129847,-1.5911219640643817,-0.4642686253026134,0.016361923178733234,-1.2431985948648197,-0.42908972503080123,0.03792499441281516,-0.9238677968866473,-0.34272849571793784,G
0.0,0.0,0.0,0.5016174976554063,-0.1794054254096796,-0.12847026287381005,0.8714612378445704,-0.680417884741077,-0.17677942791658233,1.0642068436656973,-1.1595067648705097,-0.23600129653971938,1.2782261215786301,-1.4575411191269918,-0.3024018581596639,0.8563304477212245,-1.3223846003295394,-0.10720224252333671,1.10067688333753,-1.906816761726725,-0.26453780138813,1.226563510916368,-2.308252269099677,-0.37185436009908857,1.3207417124674274,-2.6507212177141466,-0.4498667262878335,0.5338350118337344,-1.4020487849945629,-0.1453745564843347,0.5817845578698198,-1.923951115723928,-0.4152256505114451,0.5321023863993222,-1.5648672555980707,-0.5000921120721928,0.49455446042636025,-1.2147285057080026,-0.49423423318191345,0.20232647224221229,-1.3492623838114948,-0.1978732042189174,0.21046187346024614,-1.7396028758030497,-0.46195994273188007,0.21708519658502104,-1.2964587254029845,-0.4077983563963746,0.21808059334853594,-0.9458340120444596,-0.3017665334050037,-0.12252146861757937,-1.189965767776262,-0.2631322866619776,-0.09641335739035302,-1.473289372776665,-0.4434080802368422,-0.05556584991281334,-1.1547009727293234,-0.3849560887979862,-0.035746271636780264,-0.885694652244914,-0.2952342421444372,G
0.0,0.0,0.0,0.5388248148250571,-0.20825093819543436,-0.11827723808356408,0.9359157534151542,-0.798001929078139,-0.1383613636565056,1.154408061607415,-1.2971806972320028,-0.1680029895133967,1.3756847007266824,-1.5410229123568866,-0.20598835046936187,0.7626123271892352,-1.4116455253292974,-0.09346293552680651,0.9834962506928261,-2.0428656140971677,-0.21246267473179561,1.0920221096582694,-2.4449631070836366,-0.2829703198391885,1.1754411351862857,-2.7797505108315534,-0.3389866780201197,0.42661829141907076,-1.4477442181799693,-0.1252625507829455,0.463614836992624,-1.9682815505148652,-0.38613664561201283,0.4107938270794537,-1.569543788994813,-0.45687725197739953,0.3765721173745011,-1.1925497112247445,-0.4355130382366158,0.10330167783040338,-1.3725448748129512,-0.16810515634184642,0.10975907715122826,-1.7435760559039848,-0.4291853414136183,0.12799946415169502,-1.2888318822766816,-0.3928682622196061,0.13657008367138296,-0.9291104551543296,-0.29383655962972083,-0.20944009931021512,-1.2137928154955584,-0.21982901225619106,-0.17510862673008787,-1.4844088165116451,-0.398957205798982,-0.11924767891761857,-1.1534665316158654,-0.35676240059983766,-0.0875771015052186,-0.8681407861170387,-0.27715386069842185,G
0.0,0.0,0.0,0.47977861188443016,-0.22028984898798842,-0.1088489735172138,0.859621019915651,-0.7491675112430679,-0.1379194136643629,1.0531149308611079,-1.203279116131724,-0.17881056558927846,1.2320257859604589,-1.5062171856155573,-0.22582018712555205,0.7020406372599608,-1.3623042833691468,-0.08786137049003459,0.871344674427294,-1.9504955321207693,-0.21610135295497251,0.9699727575988291,-2.316519984065519,-0.2912994599748546,1.0441416373381365,-2.6250191111846997,-0.3460661776356011,0.3812319455044192,-1.3796169825382236,-0.1298871042504609,0.40158941459580383,-1.8205376133287074,-0.38633670825905553,0.39126583812411897,-1.4049463279298646,-0.4577719010959018,0.37959888459228736,-1.0679753126533424,-0.44002640262098885,0.062062493613937494,-1.2853188914980544,-0.18367666139574795,0.08008940704794643,-1.586361839772038,-0.4498258130637603,0.11196589826870608,-1.1266848156342026,-0.4060337563227652,0.11769051642274041,-0.8291675052074656,-0.302332094011785,-0.2547091610725972,-1.1168573727358673,-0.24402038384241403,-0.2068270009609769,-1.3677839242129703,-0.42241434226923774,-0.14067694825114924,-1.0259199051529806,-0.3641832992390135,-0.11757347978492459,-0.7816978810707551,-0.27296739258980146,G
0.0,0.0,0.0,0.49106318562000945,-0.22599061600747497,-0.1272766945357436,0.8767563959457179,-0.7789933198410076,-0.16053966483564208,1.067053934467187,-1.2636401947885083,-0.20233577351717386,1.2405061273823617,-1.59013542117576,-0.24787619091732999,0.7226445797641655,-1.390840156320276,-0.10006100306987752,0.8995203471886914,-1.9994488378133453,-0.2380642045063148,0.9960971720751066,-2.376162032441753,-0.3117157396709122,1.0795569211043783,-2.6929330349481364,-0.3628525149619184,0.4014224243774339,-1.4091052443962422,-0.13542011984431904,0.4567486462651972,-1.8940788625190443,-0.41602156322579703,0.4325006159538752,-1.4566817976760031,-0.4864903795043191,0.4156899687378782,-1.0800235421655662,-0.4563260477462986,0.08064411923325752,-1.3210255492754877,-0.1851809322752866,0.12684574879748084,-1.639853877173259,-0.48181603645721355,0.15368748378353933,-1.14931622758963,-0.44047534414833617,0.16476024614565646,-0.8162485477735312,-0.3244822397995228,-0.24025635316009125,-1.1611136802907727,-0.241650337359794,-0.16256340430994737,-1.4167699742363289,-0.44717366960240323,-0.1020313395528656,-1.0563758662947036,-0.39764045240727364,-0.0817024201373306,-0.7913719705796329,-0.30393182447456935,G
0.0,0.0,0.0,0.4710222625352601,-0.1791143873515103,-0.14204622226570332,0.8122375420936492,-0.7366632510961324,-0.1908229198385307,0.9529859953136475,-1.2622388058976748,-0.24647258871360078,1.1401216310324735,-1.5952084825846784,-0.30877730035314827,0.6667937399993148,-1.381620366839169,-0.12701424466035524,0.8461180285632709,-2.002504211447142,-0.2733405598139812,0.9522771270562795,-2.391822344916886,-0.3556722984319691,1.0374316510130808,-2.7179112693392526,-0.41502671138856195,0.35352028647266287,-1.3838704815578762,-0.15754618677810367,0.4420779036390711,-1.8447393067274074,-0.4404187632633231,0.46628880952846125,-1.4024140547112287,-0.5147694927918114,0.45312251782696833,-1.0051561368815034,-0.4952118487770006,0.0438207377838994,-1.2714035067227747,-0.20268420659390468,0.12573115473895566,-1.6235789801066218,-0.49941397907467405,0.18484084718964527,-1.1398936632054981,-0.4545283786061952,0.18845384161169806,-0.778568599255976,-0.34309684661633094,-0.2792260972355552,-1.0843660876902104,-0.25618994317111743,-0.18138158323304576,-1.3640024613175414,-0.47152499789043645,-0.08702655370598565,-1.0109821273415023,-0.429109267870127,-0.06688589182820173,-0.726593905608942,-0.3434779084712025,G
0.0,0.0,0.0,0.47390040962216934,-0.20780401693050382,-0.15417854465964306,0.8360934616039086,-0.7473273232960886,-0.20940373307622778,0.9715519502611049,-1.2853225517279505,-0.26928185044761244,1.1321757255576281,-1.6537400149987656,-0.33121512631236416,0.6961749904129175,-1.432781160953734,-0.11102320675960277,0.8769235217172903,-2.048524265550632,-0.26313181144067377,0.9695052979669713,-2.4399983894293684,-0.35248897869880347,1.0432835132254554,-2.7567814005961737,-0.4142662379584185,0.3880771124562927,-1.4209660502184742,-0.1394828513254902,0.46401772507705125,-1.9116510136852156,-0.43263780554568826,0.45802541150991666,-1.4964913780409426,-0.5198739672145991,0.4517238368420803,-1.1165316099959977,-0.50204516349181,0.07747446261824711,-1.304536840624991,-0.1852577283419213,0.12329948443864147,-1.6456658091692444,-0.5017734967537918,0.16833160697334654,-1.1616381617739955,-0.471685740971455,0.19599923515145617,-0.8042471630523675,-0.3600814450485231,-0.24575229826072506,-1.1223680778414624,-0.23915088013524138,-0.17622262572651864,-1.4024091690050473,-0.4677253457462104,-0.09142645211808093,-1.0368838134736045,-0.42895393774373813,-0.047512287196914776,-0.7430960967631076,-0.3382592086302524,G
0.0,0.0,0.0,0.4415060871069987,-0.1986761881607996,-0.16173842070589325,0.784499181150002,-0.7350371086020526,-0.22390178872857275,0.9075610271664762,-1.2530253559640046,-0.2875847919514189,1.0778288220580012,-1.610281636914621,-0.3556011487962244,0.618340872430165,-1.3933507562204714,-0.1378832437812659,0.8095479258122654,-2.0063680107830066,-0.29129968532192585,0.8932726676854815,-2.3898744546709283,-0.3770580024351876,0.9619162411503842,-2.715600434716087,-0.43925431410977395,0.3037442210407904,-1.3956490884507577,-0.16460847547404872,0.35983100295126663,-1.8816671505441156,-0.4590234293407214,0.3398355888283007,-1.4412638255659753,-0.5365551778416194,0.31842873071702643,-1.0636434412862958,-0.5161269670876681,-0.007981231372547672,-1.2775248808433919,-0.20798161399974574,0.007454641478873256,-1.648436647182605,-0.5280782819717363,0.04820852924721784,-1.149556162896387,-0.48524851505530164,0.06790899200530574,-0.7921712221262637,-0.3687280419273553,-0.32295242014163367,-1.0784316924770752,-0.2595093949590652,-0.2858299939191404,-1.3644475566097722,-0.5000745568897059,-0.19765402912044658,-0.9911377848204174,-0.45858030305525493,-0.1597334543338567,-0.6997538058469408,-0.3664555179414958,G
0.0,0.0,0.0,0.4684212422188511,-0.13686125755777723,-0.19203471081243764,0.8702557842519479,-0.6141913855091327,-0.2647368534687882,1.0746596987910875,-1.1014049970364617,-0.3356620930643875,1.2786440801001289,-1.4479076456630209,-0.410002591934592,0.7903751659574142,-1.2877593331977781,-0.14988778133126182,1.0339531329235052,-1.9002653486738188,-0.3243409460854296,1.15989446464423,-2.2976731901060097,-0.42458537402313484,1.2574777185199242,-2.630608006873454,-0.49308711291695256,0.4647493944030984,-1.3538683839453967,-0.1677367080181737,0.5288384134819061,-1.85199512280997,-0.5013254143659582,0.4323832719614787,-1.4013477907670424,-0.5923684565995734,0.37163034253047783,-0.9999330012704893,-0.5637150826257781,0.1339284724631072,-1.2983388954315311,-0.20633747969013114,0.14615436818266636,-1.667753584943879,-0.5603884779817359,0.11418782208461115,-1.122526839408245,-0.5198081778001072,0.11236297315222879,-0.7376819677022316,-0.3876345680999861,-0.19530203913466113,-1.1563925793236818,-0.25563854179404794,-0.16977630403229604,-1.4297826258679718,-0.514644004449848,-0.14415911814218868,-1.0205969317842252,-0.4711458320118382,-0.1206323612898735,-0.7135323805449092,-0.3664160115857702,G
0.0,0.0,0.0,0.45664571177286467,-0.1343551287448215,-0.18615327693377592,0.8684699067454732,-0.6112372665277347,-0.26306331712266173,1.0503580284453047,-1.0920386548946166,-0.3411601334053698,1.2417372567353648,-1.4419901677013414,-0.42197042344608665,0.7731467235410626,-1.3149553853413134,-0.15279305581176983,1.0137019617127998,-1.9459088549890533,-0.3273217251054384,1.126401943114625,-2.348860307334336,-0.42848261005753324,1.2041377572373244,-2.677590787237208,-0.49416549717087505,0.43866164218591625,-1.3673388410141496,-0.16718786712187558,0.4690366802554053,-1.767375954718825,-0.5123408666460125,0.37632796019119763,-1.267534258168586,-0.6002314616639107,0.3180295307765289,-0.8554077435692374,-0.5679843638286526,0.10591602674283347,-1.316688834942397,-0.20130522687997324,0.09443032505304971,-1.6527813993874856,-0.5395010325404764,0.07351969619381613,-1.096267369474614,-0.4797612266218263,0.06938216632710792,-0.7059983006749608,-0.3394863768897898,-0.21375915309641622,-1.1845999753398166,-0.24778914910907782,-0.21765396241702908,-1.4575396994483296,-0.477365841805665,-0.18406508622596465,-1.0512247532458465,-0.4132613432783859,-0.16007335410614967,-0.7440894455858899,-0.2972087255805817,G
0.0,0.0,0.0,0.4640086552767414,0.060142459750255714,-0.24023404710772803,0.9118154501030343,-0.2733179285814897,-0.3398437429399563,1.0884431659455134,-0.7235790977302534,-0.42867967204567914,1.2073516659943835,-1.067596725265197,-0.5178418764050726,0.9477708467522634,-1.1920921586517672,-0.2083336444237663,1.1598759234569078,-1.8012974129548822,-0.39713388292156565,1.260018265124722,-2.1967759974861236,-0.5130433591543703,1.3400915458689608,-2.509745042361277,-0.590038383145799,0.6125574846568443,-1.3228126099365483,-0.1940906446550311,0.6093572126990028,-1.6301945455962277,-0.5421705650828222,0.49069441389903945,-1.1788819791203604,-0.6469133856289203,0.43007163195067066,-0.794515879921736,-0.6307800735405057,0.2801606292185408,-1.3409227442242455,-0.2039789327485541,0.25407303090227806,-1.5083436104047612,-0.5442105274026187,0.20062060988209357,-1.0125716051986826,-0.5201869426916126,0.19134534376642595,-0.6595683822402325,-0.4108073245071026,-0.0492120079127126,-1.2662112732682436,-0.23138889008597674,-0.06548492298346047,-1.3660859289655238,-0.4769586044030863,-0.06426872818303873,-0.956796190552472,-0.4531500742390383,-0.02688995271677232,-0.6726579096193487,-0.36661893540983415,G
0.0,0.0,0.0,0.46915310861848764,0.04444287381965284,-0.2187251162805594,0.9241111177679434,-0.33787379436485576,-0.31477599303287873,1.1820754773930284,-0.7993604099941961,-0.40494622645642137,1.4308644981815188,-1.091647191906459,-0.49471465238988577,0.9234094905552722,-1.0982338042004605,-0.221918562118826,1.2217986925167528,-1.6892088479901,-0.42367281306570626,1.3721535834499325,-2.075851985759278,-0.5317186713067796,1.5038635995568872,-2.405926603176946,-0.6049931700466267,0.5978634947211712,-1.229187313342466,-0.23911923979312774,0.7412389315892945,-1.6438052311653735,-0.6136199718655921,0.6407909232294952,-1.1584942035833963,-0.7035085340922161,0.5806955104435985,-0.7355554038264539,-0.6681649750219434,0.2634408726261671,-1.2417724909646013,-0.2774515310687622,0.3395667305205781,-1.5165043516117096,-0.6530025330839564,0.28376426898963636,-0.9472175775183075,-0.6036542603941296,0.26560601778962534,-0.5461038994980937,-0.46349805937444155,-0.06829090490618173,-1.1674392558645448,-0.3302741392783145,-0.014115558562248904,-1.333647795742254,-0.5933208893164233,-0.003366768600208633,-0.8959925388696364,-0.5504176443698232,0.014162623159930558,-0.5815457992637069,-0.44673120961530133,G
0.0,0.0,0.0,0.4893567779089575,-0.03482726488082754,-0.1646890289830073,0.905189460603093,-0.39848842259092526,-0.24381416880673895,1.0765990994144339,-0.8260595318344731,-0.332566692335945,1.243194611571136,-1.1367880285218366,-0.422634081311505,0.9150219115828963,-1.2349212744749243,-0.14174027035155629,1.1832600477001465,-1.809413587496964,-0.315568118116427,1.315742398921698,-2.1736881220868556,-0.4245533826408029,1.423352219684076,-2.4847364370067506,-0.5002317436829653,0.5965856387178785,-1.327371083920732,-0.17823643965811728,0.7512122670693735,-1.6917048005610065,-0.5047101787736785,0.6894998900822524,-1.2294443872428211,-0.601225471735137,0.6215020657972039,-0.8317488473533804,-0.5874751494232948,0.26850229970637546,-1.312000212053792,-0.2327779167085764,0.367428036426839,-1.598240861609469,-0.5486626495355309,0.3450337053356763,-1.0790043990382652,-0.5046575616196131,0.3134179485398532,-0.7002004751123712,-0.3898294903810908,-0.0720384689765733,-1.2162467900074834,-0.3009981391043138,0.01050324620649175,-1.3889784225667765,-0.5208917663440396,0.05299086323784567,-0.9917704487083031,-0.47606136317915937,0.06707677913008629,-0.6975298360970892,-0.38470948365065377,G
0.0,0.0,0.0,0.4884263830641087,-0.0954343956432661,-0.15309194856020178,0.8892494194810585,-0.5283174313060238,-0.2147198004464401,1.1119648626997178,-1.000907564395352,-0.2837117952981605,1.3211503448585007,-1.305819402874056,-0.3566686985381315,0.9045926100064765,-1.2831335460862487,-0.1195389774389149,1.1362873472623058,-1.8757967944392877,-0.2656086187651493,1.2513185176599073,-2.247980515053161,-0.35463588613804997,1.3499874189231102,-2.580215507932172,-0.4237326895278717,0.5865732737811031,-1.380969101161776,-0.15418829040889004,0.6973308168827401,-1.8968898954990732,-0.4346119549707488,0.6664163902690552,-1.4596530602721618,-0.5164823998529374,0.6282058418486798,-1.067195331938501,-0.5054869402963724,0.25803444516635093,-1.3454766153337532,-0.20486799272807285,0.34163363241895833,-1.754432460256244,-0.49142934549647704,0.3378441565425575,-1.2682272944224608,-0.4514877720230469,0.3109601680113304,-0.8991400049666435,-0.3500296831170666,-0.08238569089326868,-1.22129667563206,-0.26803151935763797,-0.009307109533764985,-1.4644576061441337,-0.47881874878702085,0.044533022570059255,-1.1027499512743704,-0.44754048483124204,0.05592728348567832,-0.8204170732258881,-0.37355189255260673,G
0.0,0.0,0.0,0.4954182263766797,-0.14293474163028097,-0.11848934067971964,0.8859298992973672,-0.6214322663033645,-0.16817171890308577,1.0985573692669581,-1.0862888082788171,-0.23111071189011026,1.3220663179111358,-1.390356357487404,-0.29852411532598166,0.8567184092381779,-1.3501219848628154,-0.09290290665791437,1.0694943769392573,-1.935636717054418,-0.22610572649518743,1.1813335044267488,-2.290414349875501,-0.3059870426210359,1.2587424397309228,-2.605522279789822,-0.37086423544798175,0.5435955724064152,-1.4231547298538385,-0.14076414819135122,0.6263326914424869,-1.9119572404158893,-0.4040025801288234,0.6102050811264904,-1.4504697998389222,-0.47646444829142887,0.5710799487223044,-1.0782533784835238,-0.46482992887139324,0.2173611898528225,-1.3606442787378306,-0.20196724880723882,0.2782606297512643,-1.796002975952131,-0.47254424414541046,0.2986757573719592,-1.3029179137738551,-0.42431933982547493,0.280595922101871,-0.9534471831626408,-0.3239097197624766,-0.11641394533957629,-1.20473892235382,-0.2714447381973648,-0.04850011578050283,-1.482433936541835,-0.46859761544287326,0.022072721725368182,-1.133869325846328,-0.4266674306469683,0.03763684463031815,-0.8661338275063492,-0.3492317752095806,G
0.0,0.0,0.0,0.5172513894504639,-0.15831058359984326,-0.13139764516694624,0.9195829185134307,-0.6589082219347709,-0.17469882880197246,1.1392759506476502,-1.1677666914894813,-0.22721475715449885,1.3715263575664352,-1.4731060753688519,-0.2813666220668989,0.8656977906796235,-1.3696516205473217,-0.08575067547744582,1.078708817431482,-1.9674315358150354,-0.21538409046158907,1.1852677629822905,-2.339932722453792,-0.29500650694773295,1.2602284934395342,-2.663488680756588,-0.35888158678242477,0.5493345625576536,-1.4376572177028977,-0.12395476527526807,0.635598503451028,-2.003085985301083,-0.38461524774268535,0.5996728246508723,-1.6037217049344563,-0.4622286347955681,0.54557342565892,-1.2463968833372903,-0.4512659866669641,0.2232228104280192,-1.3808566459717453,-0.1774572648301136,0.27392180750900136,-1.8297156652647155,-0.4433004902665804,0.2966917796576697,-1.3785086137995137,-0.40671301194000165,0.28279507452003977,-1.0379555280695207,-0.3113316976528918,-0.11334401807253057,-1.238268412022792,-0.24136426496470945,-0.033240237361173784,-1.541333809332682,-0.4271655330216039,0.03173898310758681,-1.2252708320614296,-0.3910158527116595,0.04305819607324983,-0.966746712714331,-0.3190180651853943,G
0.0,0.0,0.0,0.531806921366816,-0.13340173423760276,-0.13141393995064543,0.9663577954254904,-0.601997101365931,-0.16974241221984637,1.2018755270372847,-1.1164580555558201,-0.21830850187376175,1.4213676300455678,-1.4655460667023994,-0.2721871715985769,0.9383387080732174,-1.3647295523794418,-0.06682115783156349,1.164435570937135,-1.9848709580434614,-0.1870527639921651,1.265417395943268,-2.3806765656724953,-0.2651226701583779,1.34234360290822,-2.7110884567053524,-0.32716842370932225,0.6215010016909537,-1.4596687965322799,-0.09640290460620447,0.684089343854835,-2.0271892661409976,-0.3479962279819571,0.6506996528419158,-1.6509712876245688,-0.4362596348193722,0.6094873008177213,-1.2780187318238556,-0.4332337055725335,0.2946265752587416,-1.424790389274213,-0.14065046351761998,0.32659441037703707,-1.8965232856954664,-0.3937322347770214,0.34853625990533066,-1.473475458915428,-0.36588681565173947,0.3470769867503221,-1.1198648664439736,-0.27979004454244827,-0.051211348114902425,-1.299456061734665,-0.19539042988805072,0.013833038484731002,-1.6226620631548854,-0.3730738816221129,0.07639561794474083,-1.3157978968583137,-0.3394598020589556,0.09837089764829626,-1.036099274998843,-0.26930209380117864,G
0.0,0.0,0.0,0.5014501773384558,-0.15107638815380292,-0.1617149563190882,0.8962430832628208,-0.5999122284218087,-0.21738418381376645,1.1251211230064864,-1.0964399958993025,-0.2788531397918275,1.3398012610115346,-1.4446773213253645,-0.3418796246891561,0.8732967961906623,-1.3403343049259833,-0.07577592221957306,1.1022220050430942,-1.9180592401166892,-0.21297280011893027,1.1932946688916235,-2.3107397616177074,-0.31265918644328206,1.2479847766016925,-2.6313323609138117,-0.3876471223549397,0.55515039347225,-1.4274978701172547,-0.09754874370802313,0.6073138202512081,-2.002055877942478,-0.34658010471800804,0.5494815242187157,-1.6727162127284627,-0.43934541389264664,0.49505529963461137,-1.3317257776492033,-0.4421202274256412,0.22293605145475798,-1.3791581098335237,-0.13940018486068834,0.23472733908457827,-1.8441967038896627,-0.39486671729090034,0.2268022691040467,-1.4481275931973516,-0.36534227743756736,0.20923359028513913,-1.1139707415188527,-0.2786143461786988,-0.11354857924865606,-1.2323259519069536,-0.19606890061876134,-0.07766146367919405,-1.5445283872130136,-0.37942786392069605,-0.0425392793211219,-1.2491630147591244,-0.34238704307816914,-0.040264606775307125,-0.97852316135421,-0.2688087172241544,G
0.0,0.0,0.0,0.5050331495388471,-0.1709479224915939,-0.1870033721537772,0.9216859349176554,-0.6576325099274982,-0.24696792543363277,1.1898981342462078,-1.178626014523477,-0.3098122362020555,1.448702398239285,-1.499721772571888,-0.3707198676027534,0.9633754529024553,-1.3337988738839073,-0.07917559824728404,1.2378627167427245,-1.941719929635479,-0.22291644105264266,1.354139421304176,-2.383750716723769,-0.3341383566242604,1.4244656704889112,-2.7257545515506023,-0.4179498860908723,0.6412312610842581,-1.4593331825956148,-0.0802156195888274,0.6050931202776767,-2.0289877653343593,-0.3235096602010587,0.5521384747182957,-1.8344996107386407,-0.43129741134288224,0.5278617363423983,-1.5566192127823726,-0.4584261207019392,0.303081653698631,-1.449240793646815,-0.10459889111083955,0.2690450418637215,-1.9007199151487784,-0.34013832380721076,0.2446082609857301,-1.6078879737323164,-0.31521731239155765,0.2442365117757689,-1.2965520891429172,-0.24450360594181658,-0.03410886403245678,-1.3401691093009955,-0.1497762892468965,-0.05658434735444611,-1.6694767568986013,-0.31056699974955243,-0.03713374501256931,-1.4480113409304858,-0.2764846961687478,-0.0037512874823355216,-1.1874497170357738,-0.21064828011466444,G
0.0,0.0,0.0,0.46397880800366564,-0.21870136963184578,-0.25752433443033407,0.8352259504760366,-0.8412990735726416,-0.3431893262368039,1.031316015919219,-1.448816556310719,-0.4120671081282927,1.2145409087053232,-1.883944336490115,-0.47840438567981747,0.7494217487364233,-1.5330109700835768,-0.16524289557117164,0.9333659783325511,-2.2319687590026103,-0.36002472617838344,0.9702450183366843,-2.7188723756574937,-0.4895395389466736,0.9781897302470469,-3.1177772593348827,-0.581404348225159,0.4167574035044763,-1.5899649646912306,-0.13491609626976334,0.35567573692190707,-2.043792629508152,-0.45357295491184363,0.2739306793492948,-1.6042798903145457,-0.554505029301445,0.2487432219984364,-1.2418666798708038,-0.5538244189098162,0.08820349570892741,-1.5097053602003556,-0.13579753263439875,0.04517336683870584,-1.8979125196123061,-0.4601189506590195,0.007622179832394319,-1.4445399286814746,-0.41367825536668723,0.016291973398952983,-1.1207837881322436,-0.30308953055396365,-0.23090588497909056,-1.335760856059712,-0.15816312923933326,-0.257300991064632,-1.591681442658332,-0.4011658265232523,-0.24620317929789692,-1.2401021914035468,-0.3659199129234501,-0.21024003191211654,-0.9707337406074988,-0.2790860500939614,G
0.0,0.0,0.0,0.4929185591508993,-0.3316211590017829,-0.2124116991679781,0.8622011312070597,-0.933411127355874,-0.2654201517776979,1.0087561137008647,-1.5240517497465125,-0.31112978261242563,1.1521075684902,-1.9375027860427243,-0.3512159101101673,0.6867466366671806,-1.6382410662190094,-0.09526302393691474,0.844449133699956,-2.324682770709884,-0.24946171405173984,0.8389885584634781,-2.7736608779687804,-0.3456087293438799,0.8126801457749869,-3.1197414995433568,-0.4099804611893929,0.3416553505979524,-1.635725421550098,-0.08192219543792104,0.1973640087642917,-2.1639503650135627,-0.37763759640288974,0.12678860119860041,-1.7659723015986586,-0.4750351312243622,0.14651505744009058,-1.3907943741339184,-0.4607035936516588,0.02349974010240896,-1.522424345951525,-0.09584210318861902,-0.13475914368809447,-1.8471740002956527,-0.39107384211741214,-0.13776029898726816,-1.4244317813157477,-0.37310491238037796,-0.07696909357590997,-1.106311517312713,-0.272749833055217,-0.26132394481495563,-1.321813038437636,-0.12744183315221283,-0.3740003215226102,-1.5799731974593882,-0.3251845003746267,-0.3429556619803978,-1.2720905963125086,-0.2936625945051283,-0.257938007232047,-1.0181375856115362,-0.20948171760274847,G
0.0,0.0,0.0,0.47007326204017574,-0.2572251576321297,-0.2581530935703295,0.8830659516126342,-0.8991110723681732,-0.3546315188041664,1.152527765587985,-1.4908771440397854,-0.4413039945481499,1.333161493944736,-1.9879799707797632,-0.5192247501035305,0.9520024175746238,-1.765959703122341,-0.1381274667163483,1.1459135261976283,-2.5251193214503744,-0.37647867543061114,1.2039712924533175,-3.031514266365797,-0.5553664483444978,1.2458723422556968,-3.4756755925295395,-0.6809792135956693,0.6491772516184936,-1.8658437040871472,-0.12811059038622064,0.6686392069406148,-2.302447451947166,-0.4829490952290966,0.605468100735376,-1.7669615566337904,-0.6137693462385178,0.5962014782062387,-1.3896652796599294,-0.6297282624522393,0.3109699800477499,-1.8329233912061325,-0.1554696001100018,0.3008160254348383,-2.272363425227476,-0.5118518062548265,0.25755827287978306,-1.7109873280312404,-0.45491067616414604,0.2691048749270497,-1.3450616913489848,-0.3345573283770222,-0.042423501570969795,-1.6859660679299004,-0.20681596400767055,-0.07807770006666519,-2.0094673671183565,-0.4767459731354438,-0.08146318752713214,-1.5656140785173749,-0.4189389053609129,-0.061758396622969905,-1.2290251535450174,-0.30910603822495536,G
0.0,0.0,0.0,0.4542271573084677,-0.10534470140181776,-0.22032512498741774,0.8946354021227112,-0.5703132357915519,-0.31360713654701444,1.116110105987167,-1.080874146746978,-0.39561327333106017,1.258735552864332,-1.539821167777082,-0.4804985064517363,0.8469289608500443,-1.314106907121882,-0.19665501020893927,1.0277700554665534,-1.935992965703401,-0.383180510569642,1.1407660998433111,-2.3515620215272643,-0.5149401290901385,1.2249183738742802,-2.688122551299764,-0.6067902144524655,0.5437095884030021,-1.4156020109660665,-0.1923492996197209,0.6405269669774798,-1.8401012046492744,-0.4667290530727007,0.6048878355997614,-1.4297705297690961,-0.558637168082812,0.554384186751126,-1.0897217932300878,-0.5681134095659982,0.21082474579754487,-1.3957865824989502,-0.21075108122861963,0.2824226179977017,-1.780805974884927,-0.47747315308359395,0.26242935097922154,-1.3479462266544733,-0.4111391948721472,0.21732406634939333,-1.02502427108616,-0.3092471459180224,-0.1513698898635999,-1.2864183731489085,-0.2479653381190633,-0.06525282123503354,-1.588032199156329,-0.44761029284633086,-0.03851847322439717,-1.241146677344511,-0.3838865528304153,-0.05964840712840115,-0.9760079667484282,-0.2923641787444028,G
0.0,0.0,0.0,0.5259961088057455,-0.13959279795320184,-0.13222746100117932,0.9682840540678946,-0.7177887605245081,-0.16404649334229568,1.1766365222335682,-1.292373710386155,-0.20384029365990017,1.3668261678095388,-1.6875514277478,-0.2485191855882152,0.8343887442233844,-1.488630406957786,-0.07537699550212816,1.0584154520158253,-2.140000182756466,-0.1962144430409506,1.2022781115828522,-2.5803654608268207,-0.2745036014683477,1.3004039286160174,-2.9339590364314643,-0.33337649263418595,0.5260199749021643,-1.5428187404840534,-0.10211512575964388,0.6795599749594684,-2.1215961679499253,-0.3295833201355729,0.7404510655041864,-1.7518951469077622,-0.41391021674891926,0.7206017054342257,-1.3702965151933364,-0.41388517542805564,0.20208074731284634,-1.4811335598221302,-0.1420438847844117,0.33905876127811035,-1.9109865456350734,-0.3754453014723426,0.4209491238111463,-1.5006198659405088,-0.3485735459353991,0.40958343780300427,-1.1576062031997962,-0.2699791455589191,-0.14768774392941217,-1.3400596174608805,-0.19136187350670458,-0.020924780838889784,-1.6693198997290126,-0.350072137906359,0.08680894804042506,-1.36102055905192,-0.3055316738573667,0.09601511393019271,-1.084774832295279,-0.233390024099163,G
0.0,0.0,0.0,0.5380406592517268,-0.21829738312727093,-0.13528740381190493,0.9464633456445097,-0.7775750921387776,-0.18210722083312678,1.1137400029154727,-1.3251956362214947,-0.23851308905005073,1.3046201589142783,-1.7017544962574664,-0.2977968108895118,0.7781957647759439,-1.5360542757308437,-0.06388048001609996,0.9820031326027115,-2.185093446267148,-0.19116332343393047,1.1230350241199254,-2.588103006215096,-0.273878065174461,1.2197049667437247,-2.941242057922201,-0.3379420426310338,0.484172014670664,-1.5825760218934726,-0.0997403741780599,0.6502345932108924,-2.1628224204725046,-0.3475652041307283,0.7409740626021147,-1.7556726511413783,-0.4380325910877246,0.7336070730462928,-1.3722045924657837,-0.43849186193145434,0.167583405886441,-1.5076274689486293,-0.15128660884667391,0.3427526512181093,-1.9977801846953402,-0.42036759307815635,0.4548224506498417,-1.5602131508993415,-0.4062862171613134,0.44456664255386796,-1.2056282548409183,-0.32682359374660547,-0.1924831417461228,-1.3454568307367127,-0.21035598784875523,-0.016631515283882094,-1.6706390647683595,-0.41259851169684075,0.12458083769951364,-1.329827360930059,-0.3873443556166731,0.14196433555420526,-1.031233594609621,-0.3202199104495183,G
0.0,0.0,0.0,0.43825611967566097,-0.5137529988393326,-0.14521292703577068,0.6641119746475589,-1.2716184012810894,-0.20734648282203486,0.6631345738371625,-1.8941511431345563,-0.2909652195151345,0.6078940233534597,-2.4056067220618167,-0.3618338917051469,0.2957186970512315,-2.071778389090854,-0.12753336119906672,0.35409287510312004,-2.759422686491163,-0.32111078907768453,0.3795561413536403,-3.25782044090626,-0.42604382531594814,0.4140041420645156,-3.6776060710777307,-0.4744127963626935,-0.024547661889920806,-2.048214385879663,-0.15891235416574287,0.21426471835048572,-2.229261556880421,-0.45966422293966896,0.4803320707687539,-2.1533559606911936,-0.548929585788169,0.7129898375027984,-1.9658819589115504,-0.5291186902206212,-0.3178289192251096,-1.88286038419317,-0.21131267577140544,0.10232084066003795,-1.691391515715892,-0.517550336151112,0.2241932175789426,-1.1491816428618238,-0.4812238504793592,0.28073814249348655,-0.6992119670154693,-0.35138694275210774,-0.5742270828340057,-1.604343002724666,-0.2846909242768873,-0.17928949223248183,-1.471758328568487,-0.47169292144848857,-0.06345361155513729,-1.0699859723960636,-0.4268915709168022,-0.02912411922583469,-0.7363492866428255,-0.32014309285216525,H
0.0,0.0,0.0,0.47243614117416227,-0.3841737812250524,-0.1589726585675263,0.7590678044475503,-1.0414692331024573,-0.2116995371802122,0.7460778695767547,-1.6142786779889269,-0.2821518298383705,0.74978193234973,-2.0176363322415067,-0.3456147000848157,0.5000937905871711,-1.7240051088469763,-0.10553470168413269,0.5915070675140494,-2.462513728484898,-0.2735653023431379,0.6146561111476603,-2.9407201369791514,-0.3729431773983036,0.6470129822512891,-3.327757472704488,-0.42328967238472864,0.18761209218342054,-1.6767409945277871,-0.12579881396232087,0.26927410646696637,-2.0511221530532984,-0.4174455413990391,0.47412938591007525,-2.0279439775540102,-0.5292754008547919,0.6657289471646656,-1.901334012098956,-0.533514357050343,-0.1206253451480043,-1.5578729122896535,-0.16641508598618043,0.04864158401726623,-1.63283603607806,-0.4922367512146831,0.14225953176639314,-1.140150011384177,-0.4877730570615378,0.19139024340490865,-0.7102032357794203,-0.37849623698842527,-0.4269911500228252,-1.367253404540875,-0.2206074368078437,-0.24031847059433348,-1.4757987360546727,-0.4414289342534925,-0.12891318110687838,-1.0977980331319164,-0.4040598537295434,-0.08102291150195758,-0.7445601353402311,-0.30183076475608156,H
0.0,0.0,0.0,0.4145379948400485,-0.3353073920275652,-0.1800397617380771,0.6628491565243533,-1.0368929163613088,-0.21891230096543135,0.6557591449177085,-1.649680040474539,-0.2593624112868283,0.6555638966623503,-2.095148586730266,-0.2981695842779631,0.3906923918671803,-1.5801995089681184,-0.14968662855732365,0.39862383801352913,-2.2726213396573534,-0.30106448775616157,0.3659433305976386,-2.7210841144255586,-0.3863999014718702,0.34612579090265405,-3.0837775267370895,-0.43336149759789794,0.08224698266673625,-1.490271390317089,-0.15173299719965994,0.07415478106865009,-1.887866456729047,-0.4360453304337562,0.18401657573511215,-1.918927068165718,-0.550606611369684,0.29387931974479314,-1.8487231371264792,-0.5629850184892655,-0.21159626203573786,-1.3400992167842651,-0.17218837686985736,-0.15038988957769664,-1.4825456352015065,-0.5153897753205752,0.012526583773668097,-1.0246109466903826,-0.5385579032388405,0.12886859525248776,-0.6160800792919292,-0.4484000039728646,-0.49661061480224283,-1.1220692557538967,-0.20269649033109974,-0.3874334548204929,-1.2605714695442594,-0.4697363741502211,-0.24587546343229205,-0.877426672715244,-0.4726317523000291,-0.15031868883627753,-0.5298651584178411,-0.396924755512475,H
0.0,0.0,0.0,0.43659429245827175,-0.33768954751456615,-0.17184810137691242,0.699686787087986,-1.045853543453886,-0.2112397694878882,0.6815014077061498,-1.6493920573069563,-0.25149041273524186,0.6713830159912114,-2.0792817972821034,-0.2927705963770733,0.40051897642263407,-1.5891909059875418,-0.17256880201248642,0.4363870949850283,-2.2502450534061027,-0.32407001065444985,0.41477326820419996,-2.704972255094713,-0.4093347148869981,0.4085460152241872,-3.0825653528232175,-0.45623390022138194,0.07794560255315434,-1.5241607119751817,-0.1747831691091767,0.11061691751038409,-1.8447187550257755,-0.43617688668555676,0.23508267563167068,-1.8766456497086328,-0.5301221216064922,0.3704544739920814,-1.8224320581771625,-0.5364109375767564,-0.21737757701155405,-1.3783443722081372,-0.19300883274795116,-0.11039451561824078,-1.4292523441952576,-0.5013103067772126,0.03431130531739108,-0.9855599731176292,-0.49825470303286085,0.14697515498790384,-0.595467650549982,-0.40369342828635224,-0.49508613915489313,-1.1472425711954874,-0.22329499175599518,-0.3573546746063935,-1.2409763230839306,-0.4492914060356208,-0.22931036271521116,-0.8816195842594562,-0.4258196216246669,-0.14272626522003992,-0.5649765300126504,-0.34121478171922687,H
0.0,0.0,0.0,0.4253918649503208,-0.4042393742897607,-0.15015832977516425,0.6384790724703433,-1.102277786677192,-0.21279383840432917,0.587523740157406,-1.6680552809589013,-0.29043843264684327,0.5622087424019414,-2.0965686374435912,-0.36226817585500115,0.3326344859327515,-1.77949277755944,-0.15831844003981627,0.3946820614292489,-2.46307236402437,-0.35041258865009534,0.427622257117814,-2.9243312117635365,-0.4530368325857274,0.4693574324912494,-3.3097371309527466,-0.5022800644266263,0.007101424343634687,-1.7476937489134814,-0.18295822202392945,0.15728261509226363,-1.9794952872556901,-0.4754765963718226,0.361578575280785,-2.0361561437522133,-0.570255200253491,0.5296495577864733,-2.0221119200831312,-0.5653359585129983,-0.2891186669728012,-1.587250452576473,-0.22648916479076084,0.011542613823433202,-1.4413826182047504,-0.5413288784626417,0.11822975767343166,-0.9695789391094941,-0.5300030910427455,0.15039517900845814,-0.6073111225732126,-0.42214923685677047,-0.5469219560903917,-1.3209302441000113,-0.285207636596732,-0.24572943699795338,-1.1622623038489113,-0.4836568652325359,-0.1448964894074106,-0.8024690375963527,-0.45420443713136527,-0.1327066233038835,-0.5421162400982097,-0.3641683713853705,H
0.0,0.0,0.0,0.4393169624550005,-0.487551011078688,-0.11943727982547193,0.6602815774864778,-1.2656451571651826,-0.18948677353810325,0.6590736830913301,-1.8559942859392768,-0.28075948215139196,0.6562112302316886,-2.327724916022585,-0.3632658663357156,0.258633507266566,-2.0438560563691315,-0.15271782892649116,0.41166482053681125,-2.7141480461461325,-0.35919397627187444,0.5133367710192879,-3.1723283094177055,-0.4718914657035968,0.602048124723341,-3.560177161895537,-0.5351898354920647,-0.06216869998201449,-1.9845588159158192,-0.2088415215840739,0.2627625646604178,-2.1921011589844257,-0.5183587060798666,0.5975347827828972,-2.115092137032975,-0.6115991216976782,0.847452503041339,-1.9662372495642344,-0.6104207074646877,-0.32216555008011,-1.766810248899702,-0.2826113533843834,0.2019802245530881,-1.6058443937672688,-0.5806184317959534,0.27996930553048277,-1.1131835991081138,-0.5523106794257169,0.24193080628356756,-0.7749491506826139,-0.45583682791755314,-0.5068713169550096,-1.4397947743205444,-0.3743308511596442,-0.00390722647068883,-1.256248199111797,-0.5618895638546212,0.05279409181111309,-0.865137264532295,-0.534865178430458,-0.025290726722594064,-0.6166025683451821,-0.46257294072661537,H
0.0,0.0,0.0,0.5111395009996783,-0.6649639516763474,-0.07357121973526218,0.6928438461527747,-1.5317995231026202,-0.14531497098649104,0.6586618625072287,-2.1788611515840834,-0.2479102260481592,0.6428893301997342,-2.739833266274356,-0.34117399642280866,0.1547904616567181,-2.347345546245438,-0.13024624240401242,0.4060645384732589,-3.033049455352765,-0.3429904229973318,0.5653988977555372,-3.5124696930361337,-0.4767540333788241,0.7100622645097059,-3.942388405046851,-0.5648423207466332,-0.10822158769360905,-2.2276574119014954,-0.22474651742131202,0.5097050317784465,-2.4479046007896383,-0.5330561216714127,0.9959234382306772,-2.3828559330953443,-0.6300058932925381,1.3645481458873976,-2.245991364859482,-0.6464551028491625,-0.2702311676236479,-1.9306202682222446,-0.3321668555386843,0.4916590775190487,-1.809595260123983,-0.5995845576149773,0.5424359733876246,-1.2881673554877633,-0.5299810358228941,0.47962168945846867,-0.9423324783519775,-0.42555503711584913,-0.33437422304194486,-1.5397750983157126,-0.45971229964548366,0.30117224519811836,-1.4368534969026545,-0.6202469910995975,0.33900871872358285,-1.0408435012301265,-0.5553972432225353,0.2423601119819599,-0.7927565609066638,-0.46686195020202526,H
0.0,0.0,0.0,0.5602134546030079,-0.770426138810273,-0.0298230345322367,0.7513802757760263,-1.6266029722180964,-0.1055073452135654,0.7133752109331981,-2.2453460853858904,-0.23207856514093186,0.7239870936886601,-2.801699782322724,-0.3561082289529269,0.15568081385812935,-2.5024334736365526,-0.11303682345773279,0.4845119329924587,-3.2344635917578963,-0.3485075296901555,0.7034119149073769,-3.7204656272731085,-0.49352607179961927,0.9001701497309064,-4.138117444334103,-0.5777891147009336,-0.06505513121771819,-2.3613905642710193,-0.24071728746700424,0.6844029123039561,-2.6345173376501516,-0.5805063460610929,1.2046541700401718,-2.55918677314132,-0.68963459251331,1.5919655390766911,-2.3861517547445117,-0.6985855501377357,-0.1637908929043367,-2.0464864138730356,-0.3759910737512288,0.7267171183632416,-1.910870614748268,-0.6979258856722351,0.7742678583932773,-1.2896923603525003,-0.6332349472750453,0.7056737336840195,-0.8454582906823116,-0.5000245363443262,-0.1609118579774798,-1.647124036749869,-0.5231768572420178,0.5701414587269745,-1.5743191960171041,-0.7092084125959969,0.633967255363421,-1.1162836399282754,-0.6198384844467181,0.56426967052284,-0.7781527125229928,-0.4914075773577309,H
0.0,0.0,0.0,0.6047174396202398,-0.8641568345300813,-0.013690556648705379,0.7757491479399188,-1.6336749853278956,-0.09934475574869525,0.7988929706135941,-2.1028886461220644,-0.23567635570974363,0.8584681340643818,-2.4750832656527413,-0.3655218653688246,0.048041987590836166,-2.5265927031906377,-0.09342482687342549,0.48615230997699704,-3.2566144124112895,-0.29320983673299433,0.7441151751496219,-3.729055196591623,-0.4329451019621781,0.9631138991693898,-4.131075300303571,-0.5309914663841596,-0.08409846891421237,-2.3514029705080155,-0.230298163824889,0.7727844261713693,-2.6346825936544733,-0.5276236145114046,1.3052614509305864,-2.6078559851030914,-0.642866500182097,1.6901688040689715,-2.5099231197934913,-0.6799105799746291,-0.06872131761144777,-2.019741903709838,-0.3707336873391773,0.8284343946310345,-1.9247141991666936,-0.6204817158384246,0.8181740748717695,-1.3831489152068934,-0.5622152283916805,0.6990312451592688,-1.0119514218231551,-0.4700372366541267,0.049935860853212465,-1.6252947939843698,-0.526620501025969,0.7395243963728655,-1.5546537794592885,-0.6599102141395973,0.767588874142585,-1.1493690664158016,-0.5750202711398713,0.6810638150311868,-0.8703336853066462,-0.4772011131979043,H
0.0,0.0,0.0,0.6032128286849294,-0.7974507440532228,-0.008998393255779412,0.8038828375946543,-1.625133301116918,-0.073777755690785,0.8052121770971998,-2.189481026144787,-0.19513627973209202,0.8342648270342845,-2.616694959484146,-0.30800225283301397,0.17606193236521678,-2.6497852232310897,-0.04902470993416025,0.622931364639356,-3.3527272520717784,-0.24351772824133555,0.8850068468047441,-3.805046605500357,-0.3729357713435809,1.115034493584843,-4.211170020692983,-0.4598204545158984,0.016070268442384517,-2.4865536419014256,-0.18631707912521836,0.8587000152822619,-2.6738153059263388,-0.5017071345792964,1.4153994030955197,-2.5893109365377045,-0.624157472257645,1.815894910254705,-2.407945551387227,-0.6524980588018476,-0.03262443871205551,-2.166288501497341,-0.33120265710791563,0.8593489257786231,-1.9489312956661913,-0.6235669637059563,0.8691585984536145,-1.3648413958015284,-0.5917156554995654,0.7554806036710742,-0.9499437836831043,-0.4987548235746017,0.023012220230956892,-1.7644432605057248,-0.48805249339805346,0.7786735918260174,-1.6084868928552642,-0.6554974158175284,0.8022373859788813,-1.147940281347821,-0.5909431043782726,0.6814232297663576,-0.8142028320242839,-0.49712860751997084,H
0.0,0.0,0.0,0.600530188554487,-0.7167159193090897,-0.007789736877902115,0.8320915901879133,-1.5033040709109453,-0.07896078453341435,0.848902725375806,-2.0899640505719903,-0.2102633889827336,0.9107744200125152,-2.5714054312767756,-0.33654638611825266,0.3783301555607033,-2.490764449196061,-0.06441996912710599,0.7126717106059519,-3.184787815776626,-0.29776430732654297,0.9816898980529278,-3.6370935788977365,-0.452980583815151,1.241747831363735,-4.001408654491617,-0.5442887862941738,0.19065555314792373,-2.361925774603027,-0.20700300130668647,0.9471931806576388,-2.485134054506301,-0.5406688040337692,1.4650598477315742,-2.3977476490238923,-0.6686285723625484,1.8384026099432271,-2.207370526767751,-0.6966145205159165,0.09873855499829493,-2.0569464972892946,-0.3599439889467695,0.9067737161362184,-1.7563855701895323,-0.68161764536936,0.8848298814776265,-1.173293856425985,-0.6434919184620969,0.7691496768109161,-0.7331372512484872,-0.5320301593300223,0.0928419107682681,-1.649953621612678,-0.5243478051012738,0.783025976380116,-1.4394581272321925,-0.712899519204201,0.7929215842933659,-0.9716028689015775,-0.6342694933631775,0.6853811327286033,-0.6092668278806932,-0.5170139245355214,H
0.0,0.0,0.0,0.6565901429937578,-0.5020957954929441,-0.07187518206926682,1.0188783990449624,-1.293089930199411,-0.1443841378791796,1.1047190101395907,-1.9839576964658059,-0.259832598603668,1.17197340260195,-2.582328118918308,-0.3661719536946691,0.6703976335746168,-2.3186750948129804,-0.1295926720316549,1.035958116764734,-3.0047176458136153,-0.37130017301752244,1.2848987254471507,-3.4599216306078633,-0.5059590564902697,1.5242873934589583,-3.8615912545241216,-0.5819759441431046,0.3582336254572133,-2.3238588131724573,-0.23365350112417388,0.9997863364870534,-2.384156669778939,-0.5741049791735969,1.4468649077561295,-2.197832762988296,-0.666165126494905,1.7796716028016275,-1.9669898632280292,-0.6657060160082675,0.09932269117503693,-2.122815793648362,-0.35559968268748543,0.8479787923918966,-1.7092923240322784,-0.691026478880338,0.777998200579516,-1.082055311265599,-0.6248433606351095,0.6364083886147277,-0.6710642129532637,-0.4913614802451812,-0.08756378970113028,-1.77820292199572,-0.49481084139894277,0.5548973918057545,-1.4305408042492682,-0.7012607573073397,0.5215140564701909,-0.9616321522889526,-0.6336019162311487,0.3760996862265,-0.6799598171907607,-0.522182207889697,H
0.0,0.0,0.0,0.5563922401453839,-0.40152874334083294,-0.09543747894895505,0.9188225761243887,-1.1090226167646267,-0.1593214869145782,1.018198413450747,-1.7137402814480975,-0.2532995730889537,1.057474117516448,-2.2294239566174934,-0.3373340068266393,0.6752210442258461,-2.005425783229647,-0.13714279892294384,0.9844264957799761,-2.657052568431552,-0.3529901422465181,1.1923900104592036,-3.0827057362318366,-0.4715981015513877,1.3984384447884275,-3.4448211463535734,-0.5350898534947631,0.3456409590056511,-2.0585120036954616,-0.21000569706905414,0.7936200590202664,-2.1713579063582715,-0.5132881797002746,1.1689482128031836,-2.0113303843520094,-0.5967261557645595,1.4569311799166975,-1.782243036705527,-0.5928972023378283,0.03422585242232066,-1.9317552084830698,-0.30149959211555843,0.5810371718541436,-1.6105901629276225,-0.5935325730159093,0.5406300802617836,-1.09196419031847,-0.5464445604682031,0.4341527165943108,-0.7396363171079986,-0.43724005270541094,-0.2254620784680721,-1.668038434205062,-0.41089394360090703,0.28423628073712054,-1.348941620237983,-0.5869167154667266,0.29512795529254254,-0.941886324777598,-0.535800764986362,0.2069804492978316,-0.6925830136669601,-0.44443919571422186,H
0.0,0.0,0.0,0.5305220351081928,-0.33793924775621736,-0.16618810700159828,0.8969552339727698,-1.0453979789769159,-0.23562439884057337,0.9707627014179446,-1.6831622313625785,-0.32331144537734774,1.0287491881629884,-2.168055949104766,-0.39962212539089614,0.6777024897109781,-1.9805247238018115,-0.16539938982606722,0.9028020286870326,-2.6782105633766577,-0.37057375754621485,1.0624445575837198,-3.1458869280975135,-0.4818745248026865,1.2242083927620746,-3.522203781933028,-0.5339371025835338,0.3475914313821621,-2.0293058523468743,-0.19717205752238826,0.5851527017316075,-2.2653641020961666,-0.4965011133626545,0.8857917996544054,-2.2490486300190287,-0.5888581371497228,1.1511430053029212,-2.1113825049967256,-0.5826200272672304,0.02756326484123299,-1.9244044104781763,-0.25302583587877053,0.4166744829459058,-1.722756176494749,-0.5890174665921928,0.4707677931284261,-1.1662561980681407,-0.570815717378683,0.4705980474754313,-0.7042867164930192,-0.4516946478665653,-0.26856402791701606,-1.700900137719761,-0.32784866952478187,0.10069826516413977,-1.5418151975741232,-0.5569333520579307,0.17515145193171672,-1.1054783383627391,-0.5254017681971793,0.1790768630222837,-0.7417590124230112,-0.4244008756819934,H
0.0,0.0,0.0,0.5649471273830285,-0.6928146616605575,-0.041466300266402224,0.7273474714236704,-1.5230106317200842,-0.10707691343581813,0.6765704588698394,-2.1236573381851103,-0.21069793727554273,0.6885382758977737,-2.602270735911271,-0.30548830504077,0.23356872516170035,-2.363616200087424,-0.08594623057486775,0.5757750801332089,-2.9495636594334083,-0.29720062869598896,0.7898846395612173,-3.3724749063018917,-0.4405820691592548,0.9852986059017023,-3.7382515930806806,-0.537981870653914,-0.021578600875140727,-2.2517101761966223,-0.19785899848896332,0.6231264367459176,-2.4141010466312323,-0.5070563732275845,1.1204058699087824,-2.2781494948545924,-0.6107767751945834,1.4903661011112426,-2.076131288277174,-0.6302784774193584,-0.16660548828606608,-1.950250179712406,-0.3209599115755745,0.5979728758985924,-1.7803929708919628,-0.5806642079018483,0.673005351447928,-1.2577072210728426,-0.5049148172160512,0.6351510954100432,-0.8913958439696155,-0.3959134483026496,-0.20685884031546029,-1.5492350889932514,-0.46384431929837855,0.41692430680058623,-1.3933522069582913,-0.6151284761253205,0.47229829194531947,-1.0022809920744233,-0.5446577313524485,0.4067413171490552,-0.7445458558139181,-0.4517730978606064,H
0.0,0.0,0.0,0.7047725950608145,-0.6279345661277103,-0.02310682541604222,0.9859662873625302,-1.5420348151872256,-0.0981360837363807,1.010450031120948,-2.200100831601747,-0.23078895211807626,1.1341288687504139,-2.6969497094120265,-0.35377152843341125,0.39798022776847936,-2.76029807487804,-0.0772914538901127,0.9186111092454916,-3.5028692128474366,-0.30140651398601503,1.2521846543504784,-4.007544980958141,-0.44491319025924486,1.5437049292115477,-4.40356654575113,-0.5402886630456902,0.17220893607158802,-2.6858373788384964,-0.2214337825007844,1.1338604086502766,-2.772182913086658,-0.538637667672207,1.6873411272103858,-2.6530569396044146,-0.6347994021082247,2.061064980488931,-2.5206326033046675,-0.6534114943057365,0.061544021391622974,-2.3820487513400415,-0.37820850283552304,1.0359409568196756,-2.114201361159425,-0.6641176534224904,1.0357756803634688,-1.523061808518356,-0.5876610273059713,0.9115608356633209,-1.1510213096432211,-0.47675387646634815,0.07622531897666895,-1.941175630667522,-0.5521727022659153,0.8786251643985478,-1.6812715548103483,-0.7116729860248292,0.919188207147827,-1.2178637654941817,-0.617466262045932,0.8341986703442349,-0.9378160508308061,-0.5044413639346602,H
0.0,0.0,0.0,0.48987960887449766,-0.6444110318539376,0.003467067885980524,0.7632156574750264,-1.3539361008007231,-0.07176728286753807,0.9306794585764758,-1.834462856231595,-0.19610045331447762,1.141091471425154,-2.154749126322826,-0.31041862313664165,0.22259753168370763,-2.282004974344042,-0.07394806849161484,0.7689243395606418,-2.8495583293390796,-0.2611558805867525,1.110000981819789,-3.2355587098199274,-0.40159199822575264,1.4032276729176663,-3.555548746008634,-0.510681416257044,0.18543329639012976,-2.145818757944289,-0.20817419518837307,1.106193672664368,-2.132509907982101,-0.4569876429291451,1.6342939196324593,-1.9731288432069076,-0.5611325406554661,1.9874450405475126,-1.8486292253853007,-0.624644195711393,0.26519893300846914,-1.8080649550179493,-0.3464762118505232,1.1262501148812294,-1.5618816526843535,-0.5292057797010783,1.0812362515826375,-1.1595606475198896,-0.46573780868822257,0.9180300047464791,-0.9432741528660828,-0.4135061911436432,0.42511808632290754,-1.4012129781608325,-0.5019561109490288,1.0882416700066453,-1.214676505196604,-0.5904718182577992,1.0344320555329745,-0.8977241024011761,-0.5150073724134988,0.8794169232800931,-0.7366686886236534,-0.4527214374170217,H
0.0,0.0,0.0,-0.012876710877762614,-0.6511037356436381,-0.0045309301896118695,0.16491895813441326,-1.182425794454194,-0.08503331952465805,0.4836307928968682,-1.4365177600113428,-0.18602831924881807,0.7770238409499671,-1.472330824302341,-0.2795569599016148,0.0810044590947663,-1.5523819646733246,-0.15511067397266184,0.5435776157614093,-2.043313762832497,-0.2738370295690565,0.8184805405722488,-2.3230235785513,-0.34710948230730815,1.0414920705994009,-2.531534416952023,-0.4018638195793005,0.25814155526877336,-1.3441379518936603,-0.23845345522392905,0.8333582996890628,-1.5029547491149706,-0.37815102375742826,1.1609015731843395,-1.4534069295272494,-0.429372620029569,1.3752273103948034,-1.396610491152987,-0.46219753239843236,0.4479486947952785,-1.0666534100436877,-0.31631249503010295,0.9436128338776739,-1.1486434256934759,-0.4065098451485697,1.008327401712245,-1.018657323922124,-0.38333681712161705,0.983007463651773,-0.9108851027389184,-0.3676502698257603,0.6473886134311184,-0.7658948810658064,-0.4013769059965351,1.007992358537582,-0.8239765151229462,-0.43421696582851405,0.9807249100649379,-0.692736016311061,-0.3897177849033262,0.9072117170043421,-0.587069328480655,-0.35447269650958163,H
0.0,0.0,0.0,0.04163631669501478,-0.5892311495299373,-0.0021539260690140245,0.22151814172179227,-1.117661651408053,-0.07665348598173012,0.49608936214293503,-1.3786931234692326,-0.16688014335006401,0.755577430130129,-1.4510391734867407,-0.25576504531541877,0.15443513603066433,-1.5112151166386685,-0.17537883258236717,0.5439693606901835,-1.9747251161550323,-0.30757365463670067,0.7985455529191295,-2.2587448169731745,-0.38436231634919543,1.0040209243480067,-2.4564535616182694,-0.4379376286723634,0.26041237280578927,-1.3052456429068247,-0.2663031326946939,0.8242584910291497,-1.48664929181625,-0.3952034898085978,1.1458044630102568,-1.4210286944160349,-0.43458895050775337,1.3679980366946976,-1.35117978082475,-0.4576261550885637,0.3986696521510089,-0.9897488507936865,-0.3531516843647754,0.9094010339854826,-1.1107559901799788,-0.4493436005810303,1.178425864970603,-1.069138170791825,-0.4483788679364548,1.353723721042576,-1.0337752437449115,-0.451400024658181,0.5551944233325061,-0.6352496463776375,-0.4438494800500013,0.912423942346116,-0.6417080090943478,-0.4866185816263563,1.0041694633273444,-0.5312684371701402,-0.4550331689813339,1.0468124819351532,-0.44102400066689734,-0.43152088489609014,H
0.0,0.0,0.0,0.06400170016969137,-0.5714727080212484,-0.0067496459167596164,0.27063058515812005,-1.1284474425898496,-0.10768648502628926,0.5480456464231236,-1.4006390164126716,-0.2371683105440972,0.8133560560352037,-1.5060808884209993,-0.3654765914820545,0.23713398175575406,-1.6103444469708597,-0.22673480501155174,0.6447587959951742,-2.1017005766931978,-0.40438117604284995,0.9156002311147203,-2.3808085534634085,-0.5111663792712374,1.1543365560856218,-2.5883032629481355,-0.5827830685001562,0.2912653409134909,-1.3940432568458492,-0.33607984035105176,0.9263908564887007,-1.4951108658422696,-0.54190114668888,1.3197285472368996,-1.4179374501264705,-0.6075146914272982,1.5943443131576653,-1.3365808177726533,-0.6395020357566727,0.37651221330146634,-1.0670644756427328,-0.43771778538781475,0.9233055740420866,-0.989693606510018,-0.6035010066039143,0.8663702598724561,-0.6942782490905567,-0.5456036166779699,0.739798542420326,-0.5143381930593314,-0.482865887763575,0.4954630443024921,-0.6988388988086969,-0.5467718827280541,0.9278935993077048,-0.6424813834283889,-0.6381742488966835,0.8849390354809248,-0.4100326975005685,-0.5661508944538333,0.7878193299059033,-0.26061288215655,-0.4930368137429839,H
0.0,0.0,0.0,0.11320056511336929,-0.6254378341126522,-0.011166711748808313,0.3259343709861995,-1.199329076395457,-0.10671569172885519,0.5949488723023424,-1.524425848188918,-0.23204243124016294,0.8446927389416663,-1.68746268728365,-0.3532296561089776,0.2307658941542373,-1.699095424080634,-0.19886212962329397,0.6723018308747796,-2.199683567200196,-0.386756268555601,0.9521231762828374,-2.467403330980114,-0.4916124492582929,1.206656167027672,-2.6553761594592236,-0.5551846037119774,0.2708260802829672,-1.4706105390487598,-0.3086999329881087,0.9835164642656006,-1.5616103356216842,-0.5362090822727467,1.364941342777435,-1.4728704764933183,-0.602300070462351,1.6288734724719511,-1.393947677924428,-0.6246176478000712,0.35995986272140496,-1.1448107926707574,-0.4136822876782113,0.9822919656553918,-0.9861919820224192,-0.6058794753983355,0.8846475666813725,-0.6729796365108321,-0.5511656567467846,0.7291584855114219,-0.516544671137202,-0.4781271242048682,0.48193619631606543,-0.7878905194726862,-0.5253879343162109,0.9706006964200613,-0.6835991768000381,-0.614635233102267,0.8995581200257606,-0.4409002744400993,-0.5288885033742975,0.7773739962749701,-0.3172545957037966,-0.44230545485067835,H
0.0,0.0,0.0,0.25922025482867916,-0.6054638717483819,0.019539963833149276,0.49813423745021423,-1.2654663658454455,-0.05236428964340258,0.7299284626948995,-1.6531667744864473,-0.17010469575830986,0.9400413579377249,-1.8941442674841997,-0.2832694352241406,0.23901681945616007,-1.9236744495467175,-0.08693856167618741,0.5464971076165376,-2.441394485572272,-0.26044812504204423,0.73630865696765,-2.692842862018905,-0.3671999564217146,0.9152158071119422,-2.85629185012972,-0.44401299096595787,0.20667617444017886,-1.7102184334944373,-0.2164973476468931,0.9056298130723798,-1.7922243433188485,-0.4251829199672253,1.2032365335299022,-1.6663138787932925,-0.49295882128724544,1.397415877300146,-1.631664023418966,-0.530269079428582,0.24499490323184406,-1.3817581994917079,-0.34789287953662656,0.9331802321210098,-1.2369399205520215,-0.5206352077609232,0.8385962074220497,-0.92454871169623,-0.4597492204134189,0.6844795081060934,-0.8491052698155213,-0.4049195220990679,0.3437121065775276,-1.0140124472939527,-0.48887629132104843,0.9056766130689755,-0.8843998567218976,-0.5606565943234749,0.8249096715754951,-0.6481577844323251,-0.48102020373460097,0.6830939818910863,-0.5975337354831102,-0.41603644563253456,H
0.0,0.0,0.0,0.37610301340826024,-0.7751030092251451,-0.0005230993478771603,0.44715202949802496,-1.5163886557089314,-0.08270295396820772,0.440043898551415,-2.075937618442808,-0.20502521768485754,0.4668007549213648,-2.5854585959066343,-0.32046311052558174,0.008436726116429727,-2.0506731074943967,-0.12631934828481203,0.3589679522075158,-2.6212536833017173,-0.3447159866083901,0.6035804920729686,-2.9547861980032506,-0.48853983879644497,0.8422481149313098,-3.217742028018383,-0.5874839712230355,-0.1228583561897654,-1.8474831835950383,-0.2503472588433942,0.5421813239843769,-2.0152436855020563,-0.5346218344349442,0.9835384865067456,-1.887089867984804,-0.6193525184064046,1.309119001932594,-1.772244183474747,-0.6490038317282325,-0.14151838238410358,-1.5126354477482278,-0.3772056919926257,0.5724059670595449,-1.463137856719799,-0.5902115790638498,0.5913148805886664,-1.0768875468365198,-0.49717831696603787,0.49312018283005055,-0.8459775106044131,-0.4111496594480248,-0.07534305655514832,-1.1345961365427542,-0.5184722920549261,0.5207404792723089,-1.1047564044178408,-0.6412491400890178,0.5320862188246465,-0.8221326034318561,-0.5591995402937275,0.4072899338590649,-0.6586276508951964,-0.4781631859554107,H
0.0,0.0,0.0,0.3248932376588553,-0.6707226809926522,-0.06998315995569529,0.37800727003141604,-1.3946067826485113,-0.13899730675357874,0.2857976035385151,-1.923855695469196,-0.22794225850874553,0.21786280968204683,-2.4143974992853976,-0.309373921875268,-0.03414870864896747,-1.898562121752474,-0.12639573744894772,0.11641595855964079,-2.4348186148446196,-0.33318215965900977,0.2686957286849914,-2.7758912745440467,-0.4640867569543721,0.43834080546590526,-3.0506809608038163,-0.5438435312253295,-0.2561101639660988,-1.7254147265218747,-0.20731591633056043,0.18368142960288228,-1.945448861794587,-0.48383391388932584,0.536126984720193,-1.8468600249714033,-0.5683422841013448,0.7957750819382643,-1.6942085069511077,-0.5800854189359776,-0.38687741616131965,-1.4013170823388998,-0.30193247016169106,0.201923861141214,-1.3586605566642864,-0.5622582236152184,0.30647420379513396,-0.9578350888436932,-0.5202203947538867,0.28102551436927803,-0.704985298141496,-0.43637402571702105,-0.4271318558734249,-1.0236683150280246,-0.40945946340612893,0.10123257363426662,-0.9915908573186687,-0.5740131687303617,0.19343458735973407,-0.6999868636585513,-0.5298743608713113,0.13761471302499506,-0.5246531316396282,-0.4579462941005744,H
0.0,0.0,0.0,0.31397350910312866,-0.5785228949687872,-0.0705291275803047,0.40580848116570317,-1.2739507404699102,-0.12646201076439445,0.3302073075934191,-1.7603384843156715,-0.20826241155714723,0.2518734991866137,-2.186338244273904,-0.2870662910369071,-0.054434671899149314,-1.8947101218813196,-0.08561247007279252,0.037313837103907614,-2.4283767858799084,-0.26170153744791413,0.14549521071102803,-2.7529464721906285,-0.37801042069639545,0.27820652773178667,-3.024944320293135,-0.44622460410736897,-0.31031764412478835,-1.7553644167455495,-0.15051973768655394,0.04742427001367779,-1.909661049860628,-0.39571272674821023,0.3434427625114681,-1.7997323181437217,-0.4755201414517773,0.5578139868299099,-1.6506677055138708,-0.48426357471914944,-0.49649587873401596,-1.4654483203819513,-0.2311251583146429,-0.026517444771785217,-1.4567675441074606,-0.46326913740698156,0.10710072898949519,-1.0686012613683094,-0.43881158167107903,0.12935907813514289,-0.7685888074767229,-0.36980292913432217,-0.6036464460651267,-1.0940725318452007,-0.3250824609664643,-0.17245473737184175,-1.092785065291188,-0.4791864552466955,-0.044635908157407686,-0.7892003369538843,-0.45035673404477966,-0.04467037848013895,-0.5503773019533285,-0.3874077128980764,H
0.0,0.0,0.0,0.4791110598541395,-0.5530109669738889,-0.12057019784967005,0.6956312427300151,-1.3494187937263602,-0.18926258845159763,0.6520364319724719,-1.9330167098539441,-0.29318788560502446,0.648319054188925,-2.404385502481928,-0.39218527388120594,0.2619809854336552,-2.25518116130669,-0.05246482785942832,0.39730387925215294,-2.9796146802627783,-0.2835249041091366,0.5751111469900164,-3.436969783678071,-0.4300645965589554,0.7656321862341657,-3.7763315976815464,-0.4952229715925275,-0.02397169834168723,-2.189468801453432,-0.10833306448053195,0.3562425856035408,-2.551143566697982,-0.4051537096481493,0.7176106286926472,-2.5582562047890884,-0.509763259718169,0.9987082599714576,-2.4455190357115524,-0.5072966530408309,-0.2890274056141496,-1.9870590219834054,-0.1954884289402103,0.23813679192621304,-1.9457837728544192,-0.5396985229794979,0.340327771679629,-1.37576452944622,-0.5327817804735128,0.33537245222365963,-0.9399743225943108,-0.41846363040169976,-0.5120688883715367,-1.6700966098671342,-0.2943798140197328,-0.012681401857963678,-1.6370195663034768,-0.5028828343785942,0.10235322274683617,-1.171444151221562,-0.4471542412098564,0.09353565159348723,-0.8112299676696019,-0.33226017292098037,H
0.0,0.0,0.0,0.5473892265732981,-0.5789710705262086,-0.15639589467112616,0.81029155620578,-1.5358237737421445,-0.22467104701020246,0.7636726961394166,-2.2501981845060777,-0.32734155244310753,0.7030138691223697,-2.8090832632372393,-0.4134764806808544,0.3325290573868261,-2.5014351774773447,-0.038201018588137424,0.5178652108136726,-3.364973499995005,-0.28560299172359904,0.7548045464994596,-3.883563291696304,-0.430387149133388,0.9720799853113534,-4.304095214753339,-0.4977073636670498,0.02301664209006175,-2.4820631449253,-0.09206081687171645,0.47025022520581117,-3.0046166573139783,-0.44701940349884195,0.9621496712089739,-3.0075126718113054,-0.5606098399319759,1.3298017365043002,-2.875114333380965,-0.548687967462554,-0.27234866618850534,-2.337316451903343,-0.18735321189698032,0.3244820070573854,-2.447712284399917,-0.5957252279649847,0.41600456248861767,-1.7337401106997972,-0.5764596427645001,0.3812828680226589,-1.2023064415946296,-0.43372852226264924,-0.5271471427833386,-2.0625335818533466,-0.299586213692404,0.08215380306202918,-2.0860198853600536,-0.5664839557671497,0.18933081542682714,-1.5224252617646372,-0.5224496766505714,0.13887707984048234,-1.104328697095683,-0.4055550139811963,H
0.0,0.0,0.0,0.568820354258474,-0.6981664079871328,-0.048096828870332134,0.8109085544737995,-1.5347738975018206,-0.15777861271953397,0.8527093940837546,-2.111414237792621,-0.3160028345044294,0.9605917945152118,-2.6066261427219968,-0.4685924280252765,0.0566191481068149,-2.502179421570445,-0.15966023635936147,0.34973828371473836,-3.3412194854724127,-0.41604023318740385,0.6225882172283942,-3.834972656177323,-0.5808987270118902,0.8915081226416312,-4.198582872049469,-0.6769961644698077,-0.18512417852334384,-2.375170944413831,-0.29423983678824894,0.5715987026841454,-2.7291526139512805,-0.6288018818491985,1.1253927437507893,-2.6758552377914118,-0.7435851869619118,1.5318033023126163,-2.477346272305374,-0.7603653016443671,-0.29271618278974554,-2.0639743098612375,-0.43711505952639446,0.5962882296598326,-2.0068995324225836,-0.7373868609094453,0.7386084636805953,-1.4207427522235971,-0.6767446003500793,0.720872686734805,-0.9633525841029962,-0.5633863187442211,-0.27998827645467345,-1.6681274183082466,-0.5967559896953956,0.48098294306826456,-1.58689933378938,-0.7704732830430375,0.6438182029137139,-1.134844351026777,-0.6819964375064402,0.6593312110736447,-0.7806848419773939,-0.5611113799496393,H
0.0,0.0,0.0,0.49403667668713513,-0.8183141136052025,-0.009609873051433482,0.633818601097396,-1.6231444316103663,-0.1086067536186345,0.6145698630024171,-2.1559446587564564,-0.25395958393509505,0.6779834592169951,-2.5801225720811587,-0.3936501417191088,0.004616195759660883,-2.3827617902450116,-0.131652508907506,0.37774525408050486,-3.021325768087741,-0.3816176559316133,0.6917734330338218,-3.4172265420710404,-0.5537082509781186,0.9973647439706306,-3.706826403826232,-0.6624996087236684,-0.1397742121126088,-2.1968826915384194,-0.26981204305246315,0.6947307135685172,-2.4140864440036394,-0.5762748195230284,1.198943381392708,-2.331251739841558,-0.6786332533932459,1.5618008160856105,-2.227847180996694,-0.7106084876606881,-0.1477734072373607,-1.868801935033222,-0.41421597154655415,0.7466618554237751,-1.7882840050858297,-0.651776140857035,0.758218733455438,-1.3309351139445886,-0.5731712463422447,0.6456469520064126,-1.0488763368336145,-0.48284202053302056,-0.04525537700760517,-1.4883153447522803,-0.5760379073795281,0.6873670117702979,-1.4163356995355214,-0.6909884988374815,0.6969464566839639,-1.043247130777351,-0.5944754563670877,0.5704825134742216,-0.8193028301642009,-0.4973359343180422,H
0.0,0.0,0.0,0.47711844973525963,-0.7317427079853734,-0.002483556933060873,0.6164435879557008,-1.5165557498649722,-0.07924993355039382,0.6447172563013263,-2.075473476586863,-0.20310782732079946,0.7641873569538461,-2.491027872933276,-0.3150163830287263,0.15746222498605839,-2.3925225420439546,-0.07032937545548927,0.6288355974696287,-3.10919296852524,-0.2724381165085448,0.9782526423631832,-3.4686292194781485,-0.4196592779170429,1.2867210434955396,-3.717134932910855,-0.5254764714170908,0.11328476639743358,-2.21213731259826,-0.20125269140870714,0.915428679345226,-2.47424198786839,-0.4707573967813514,1.3848928224002408,-2.2874694750394795,-0.5636636288127266,1.6807107507509658,-2.107336385601116,-0.5998361855737651,0.15561978499518161,-1.8953277406277556,-0.3391580477236411,0.9076558115330071,-1.8171382549059611,-0.530466808262822,0.8914232117506664,-1.373365518742177,-0.4396444857277773,0.7323560642414526,-1.107907144252274,-0.35937968619172045,0.2595271562610142,-1.4923384530479522,-0.49371023912586803,0.8532773531493348,-1.3723790901241528,-0.5775618093069699,0.8311981087455803,-1.032193214966098,-0.472401049274285,0.6762450325158662,-0.841317696563339,-0.38198803434714496,H
0.0,0.0,0.0,0.3412122392230753,-0.5822272239295258,-0.019762071199003837,0.559601566003472,-1.1673194186732208,-0.11249590049078492,0.729485505936879,-1.534810838645945,-0.23994216529345844,0.9317701041108685,-1.7424259266195596,-0.36049848545691987,0.18555146364192399,-1.8542480818403935,-0.1500571121477837,0.6481379935081224,-2.3332742465718286,-0.3339639767424428,0.9559911336698922,-2.5873469218498077,-0.4552571287328587,1.2231641239523423,-2.7623025603828357,-0.5351992907730017,0.16828552369808417,-1.6287234249855156,-0.25615988670469114,0.9016395013846797,-1.6794751194485456,-0.4815038083523893,1.2889019601172889,-1.5830257704284587,-0.5565889923738568,1.5581738992618943,-1.5103157948751516,-0.5903821375581114,0.23282865789971507,-1.289568728032595,-0.36277272729954896,0.8997098324133509,-1.1390508947461242,-0.5387365859017712,0.8171122062584543,-0.8315180467518898,-0.47544957851592756,0.6721733023236134,-0.6703118324449917,-0.40766196381682657,0.3481210508824936,-0.924973942738511,-0.4817508017182761,0.8860773209175764,-0.8307983027556415,-0.5549700250726513,0.8217844530293618,-0.5917830128746387,-0.46496552837091554,0.6941553313122438,-0.4671522155547511,-0.383488468112039,H
0.0,0.0,0.0,0.4683002559738839,-0.695297322682346,-0.02486730685115338,0.6474503367214587,-1.4290165145283085,-0.11542811202539875,0.6698967591590465,-1.8810909972910008,-0.25367812747634344,0.764290764722713,-2.2515662599103403,-0.3846766553669079,0.03935824892655993,-2.219266207902609,-0.12479556175233043,0.5000246292059378,-2.8632502081364377,-0.35024625824075806,0.8312765450679551,-3.167230965155192,-0.5114616095870966,1.1482908715605933,-3.3848072434782304,-0.6217846667123046,-0.04745923239957589,-2.0125095163936138,-0.24871499461061636,0.735118711676556,-2.2062008967418456,-0.5312139563507917,1.2045977384768265,-2.1417306450817994,-0.6516429984743592,1.5383500335825744,-2.080114259633005,-0.7175650716081527,-0.021258273385532243,-1.6793163078181286,-0.37869203984905414,0.7836200092283445,-1.6238758446733093,-0.598053878234308,0.7593607036287559,-1.1900355182189075,-0.5471975639366572,0.60346573693222,-0.9572174589779404,-0.4942643784419499,0.0962094136325782,-1.3039600394391002,-0.5235217372715953,0.7510126399794624,-1.2787484832331284,-0.6345018563327324,0.7259042442558487,-0.961575448306093,-0.5576596058970722,0.5657407420760023,-0.8059495645460579,-0.4876216639728286,H
0.0,0.0,0.0,0.479594171250433,-0.882308517479627,-0.006520542202922983,0.5571336473973979,-1.6871369731169157,-0.07625931633704569,0.5098215795901354,-2.2285467771392584,-0.19220438585452776,0.5467182436241721,-2.6924536676636377,-0.3033856409449724,-0.11952520388882484,-2.335384360963818,-0.06996026936575032,0.2711539370442147,-2.9092701762394233,-0.29818565149213316,0.5324070134277068,-3.2860459890289144,-0.46142916708778214,0.7725356384899582,-3.575322050706092,-0.5730122780639263,-0.2597113513506177,-2.1427898456293244,-0.1984157991068797,0.4863571187328322,-2.4768323006770716,-0.5031881397551737,1.014890014810144,-2.4079414144625457,-0.6213063005564676,1.3945066692548258,-2.3022951636179347,-0.6623793426941639,-0.2676043132037033,-1.8148266926998438,-0.3343867682580653,0.6123501028855588,-1.8788113284515513,-0.5886201968942972,0.7010609917460302,-1.398926560313746,-0.5212716070040365,0.6272204369229973,-1.098348069764142,-0.4282328526061541,-0.18347975162729185,-1.4274819891835078,-0.48423445289551825,0.5149875772052316,-1.4691321784485984,-0.6275195705058391,0.5673635718991292,-1.1398451529365408,-0.5524532147889558,0.4576619139028269,-0.9366687976036817,-0.4637828876172199,H
0.0,0.0,0.0,0.4045456371848047,-0.7742398086380158,-0.04287529032242118,0.5055432096818945,-1.5351604289736918,-0.12628823205045628,0.40684932568177656,-2.0513245218970453,-0.24458404320263258,0.2808836386673538,-2.5115051155541397,-0.35208773319930964,-0.22587859152301465,-2.281739093656006,-0.10731697259708461,0.05311320891148237,-2.8881493921048564,-0.3270087646639401,0.29075256984674785,-3.196950569982002,-0.47638729069735375,0.5202326530047231,-3.4580333905285894,-0.5728439590441529,-0.4349437740998093,-2.1077849374384026,-0.21839521558126962,0.22339869723413697,-2.425320435946663,-0.509293590445197,0.676936227023933,-2.31364535519315,-0.6037460937631515,0.9946897845960286,-2.1579026478874868,-0.6235057620283232,-0.5090655669791728,-1.7769612009465405,-0.3422847473013174,0.2606467024189163,-1.8283323993045113,-0.597777034635301,0.41431362812013295,-1.339696504649553,-0.5510295677010618,0.40692318439694664,-0.9931450823244714,-0.46751510046458844,-0.46759354670299924,-1.3862900992605212,-0.4811417696323447,0.18494222278590797,-1.4596543127471402,-0.6406335101492254,0.30074741255009857,-1.1030271548401882,-0.5887692169404525,0.24650064821483902,-0.8385981827882282,-0.5110795205561224,H
0.0,0.0,0.0,0.5921046566279099,-1.0269162644212058,-0.039404421702650703,0.6590503121832302,-1.9820052014910443,-0.1291635402009986,0.5708192855137743,-2.621540904087071,-0.27230656641133405,0.5433111648154878,-3.1609449662784703,-0.40616129633880405,-0.2589367114769554,-2.7307855559385388,-0.07924254954808636,0.2530632831593977,-3.664938907683796,-0.360087673560478,0.6487453348187331,-4.107787691746499,-0.5546761096179581,0.9851426435938304,-4.434904760808834,-0.6759084151943955,-0.44866832771679677,-2.518748476162436,-0.2084805599633302,0.41786859731760756,-3.139901147104,-0.5786730754509488,0.7777665872073493,-2.6421833754233277,-0.6741076919364856,0.8859172874859091,-2.2151864374011705,-0.666505193027736,-0.4637690401295749,-2.195629091701565,-0.3563264311461103,0.4749389592472587,-2.5939984086896786,-0.6856927784504694,0.651938930174887,-1.966697311837707,-0.6049426037393787,0.5920136101275745,-1.5028339735470704,-0.47246294887421336,-0.3528795124735775,-1.836271342015344,-0.5162998355304593,0.4118167921830661,-2.0838695125398106,-0.6839694563309187,0.5356521102362493,-1.6598408762377732,-0.5892745926606073,0.44726872003561985,-1.3380305174807041,-0.4729289234693613,H
0.0,0.0,0.0,0.8350992951088954,-1.0197126826660075,-0.04545478954595177,1.128869890200124,-2.2175768024164575,-0.11642904755845271,1.107525739215143,-3.0594879008129596,-0.26506084172720173,1.0720022226215606,-3.794025477762232,-0.39499930255697147,0.09508110796212463,-3.60564694792487,0.03417508390411967,0.7493052460391627,-4.608643049755525,-0.27783457664430533,1.2686126202135986,-5.153573543959169,-0.5061651518509067,1.7143864402102726,-5.551405637068923,-0.6383514678673452,-0.16375364816204357,-3.5074409471094725,-0.13074568071969433,0.9713966946282249,-4.046303779343864,-0.5722084370573545,1.771103902644677,-3.8714149231615065,-0.7274921970735228,2.2952409980585893,-3.551972391369218,-0.7404873672304918,-0.2600670641610386,-3.238553711712469,-0.3276651136610622,0.9559668711945009,-3.3454509576817615,-0.7477864766863098,1.12692848871187,-2.449559259748384,-0.6734007430109841,1.0664014483087354,-1.7420022818186556,-0.5023252981578069,-0.198740807220025,-2.846769253219413,-0.5470076125324016,0.8120008732110916,-2.9187337894954815,-0.7918406284541212,0.942397088129278,-2.204635377537633,-0.6763040832766223,0.854900714092411,-1.6199023976961797,-0.5059378101066746,H
0.0,0.0,0.0,0.5368616532433428,-0.5341603695012161,-0.12200881162701466,0.7888411799294145,-1.2143785449278526,-0.2671142521976037,0.7921728109288012,-1.658902675532936,-0.4571407774843178,0.604736357947692,-2.0288520970133908,-0.6341583084502473,0.11622009661696256,-2.728295625199307,-0.1196622100548246,0.3245477178570449,-3.55800821589791,-0.3906160585363621,0.5965046240075,-4.049971107235596,-0.588772291932123,0.883639490459945,-4.427425526189318,-0.7023207492606737,-0.1805140853345748,-2.6856705988582563,-0.2354553176829053,0.4013589429504682,-3.204874416935127,-0.5660854571156352,0.9584971639475979,-3.1878521779432734,-0.7022713617200784,1.3569558414706424,-2.9856428856453476,-0.7378485832190974,-0.4148777681930384,-2.4645804736494545,-0.3799983039528558,0.3562015525713557,-2.580693683222037,-0.7177659271736141,0.49096941443411635,-1.893691043523089,-0.6943270656520227,0.44583254255013044,-1.3530921611208808,-0.5900839248037306,-0.5390375680753685,-2.1040375892487635,-0.5450318110057181,0.16407638486667533,-2.167389635887775,-0.757829422197194,0.3147589641587608,-1.6245943201584148,-0.6930335654040153,0.27526754148041005,-1.1797509599431066,-0.5838915741974693,H
0.0,0.0,0.0,0.6798162524932827,-1.142679276530531,0.14281635385958238,0.9042889191188476,-2.176010585440603,0.14206416467175742,1.0103192176201623,-2.923442127658071,0.04194984154161168,1.0378721358925673,-3.531529017563733,-0.051298506680520835,-0.018123028867369214,-3.0522657868434693,0.19474462167984558,0.8932866166873112,-3.587169189015084,-0.11209323900775854,1.499852589583229,-3.331166174149627,-0.36907863758520165,1.9244897634791558,-3.0096586963854417,-0.5017528349443227,-0.21022101652285838,-2.9158319341322767,-0.002017208136103821,0.8132098007696423,-3.2085128594670533,-0.2778034774692359,1.2187995668043459,-2.735692239318405,-0.4504831648507375,1.4027759697973416,-2.2870028565664007,-0.5246302909181461,-0.25425877849591827,-2.6230689210876217,-0.2170332384129631,0.7714735538425047,-2.726454567718489,-0.44267125734841634,0.9693707067909312,-2.1782289930535423,-0.45915536812309027,0.9543399882367029,-1.7099838704729278,-0.4132340819777425,-0.21388896052825587,-2.299122265658463,-0.4333083510047803,0.5842824737638775,-2.33297962202188,-0.504802954214032,0.7644894703026194,-1.9548764922578157,-0.43118308872412997,0.7652741472312136,-1.6106302089956164,-0.33764478064403325,H
0.0,0.0,0.0,0.6857373992123231,-0.5783873183003092,-0.026064263815784288,0.9972664578976577,-1.3877778138157026,-0.08307867952708514,1.0399303940884337,-1.9913961248493588,-0.1899998260379133,1.1136498622171855,-2.466166029575704,-0.29446266466450777,0.6027120908277963,-2.409170147615773,-0.07253492767488105,1.025410533716448,-3.0353585480673653,-0.2910457304659544,1.3480566528445836,-3.3229943870252208,-0.43363462946484105,1.6524050959490162,-3.5226455177017586,-0.516830769306487,0.3140028608810434,-2.3609826609781495,-0.19287208243881315,0.9642504316184592,-2.556544005222946,-0.49030949064493584,1.4298475005806435,-2.295176756729653,-0.5843327350365407,1.7448615209912055,-1.9428116584447157,-0.5917960868475136,0.0949005351036847,-2.116823021115515,-0.3262733885811492,0.817263385239192,-1.9504413167129018,-0.5919428188669319,0.8419306341640461,-1.3673878591838566,-0.5364380006400156,0.7449138226999087,-0.9322370232959235,-0.43633971508270303,-0.02711298595260788,-1.7446463547035485,-0.47468975023965987,0.6029138346438225,-1.542844781375134,-0.6235374359060483,0.6132548321814258,-1.0975294737886205,-0.5506318576479992,0.4892576325147301,-0.7783227613304808,-0.45376838775370426,H
0.0,0.0,0.0,0.5684017760885786,-0.14761084571162145,-0.08174282859177752,1.071773033743508,-0.6206717637033533,-0.13122404094628676,1.1765566087585382,-1.1441282410539801,-0.21528394285589292,0.9232147290531554,-1.3023481989183143,-0.28312854631139783,0.924864150030546,-1.743873189541081,0.026395840197656277,1.0570219663597862,-2.455551101139829,-0.18610053677973248,1.126156496132625,-2.0906697364809665,-0.330724723906517,1.1015073851288866,-1.6713183973596388,-0.36543510840989285,0.614138963848802,-1.8050827580685136,-0.04085579805280702,0.761588927459109,-2.3962235496466406,-0.2859542753650556,0.814470570610013,-1.8551254392334877,-0.41902846039666736,0.7433439865166541,-1.397505408578755,-0.43646363125783094,0.2929427812805679,-1.8186211386696864,-0.13684546409173398,0.42295942379443763,-2.4131070637506142,-0.33964677948414074,0.506631776278973,-1.9077718302551112,-0.3813541836435463,0.49360260270601697,-1.4590375001866527,-0.3350304307456593,-0.037411539017203926,-1.7799752848515964,-0.24327458269270952,-0.04325755442982359,-2.5168517350076285,-0.2959448783661792,0.01764315081819881,-2.9113354063083383,-0.28719169682208434,0.0673970789664271,-3.2700994567280723,-0.2603777445004531,I
0.0,0.0,0.0,0.5751570288137862,-0.14402709901079547,-0.0929526000681168,1.0778616553977587,-0.6095633162549269,-0.14788880209972846,1.2127110421931464,-1.141551033954597,-0.23820311431782507,0.9679960840492998,-1.3549308942384737,-0.30919543482575285,0.9193036983723951,-1.779942998805977,0.020898184138043095,1.0794409016138633,-2.4983332163289287,-0.2059735519795828,1.1601726541321051,-2.11675428015301,-0.3578484806297706,1.1390399077526319,-1.7073841962264602,-0.3947256287559214,0.6086579389202746,-1.8461894934595235,-0.04308172638329369,0.7712439091843946,-2.4428553724530153,-0.2953773227434902,0.8236805738341813,-1.8727965962929471,-0.42485317521116883,0.7515181417881734,-1.4320310040514679,-0.43960399548714213,0.2873674675594053,-1.866755550796989,-0.13908148148629165,0.43933795678007953,-2.447508926209257,-0.35312599074952306,0.5085621022458274,-1.9063676604761628,-0.3857103914334896,0.4776245441539788,-1.4629736288266357,-0.33028460285687034,-0.04233135964209624,-1.8381662055511498,-0.24718402973258022,-0.03695210093659863,-2.5820324862927335,-0.3078816535847085,0.03493556097556076,-2.9748828441294974,-0.29593331816060814,0.08831618770219962,-3.3407036156929917,-0.2642001933514289,I
0.0,0.0,0.0,0.5906877758448874,-0.15339298169906299,-0.10629965568302775,1.056547016996391,-0.591969056523253,-0.1426670065033406,1.1594047387459958,-1.145396118282304,-0.20516812153874936,1.0030041154319451,-1.5419072196992334,-0.25343447713262657,0.9473926227892556,-1.5856474911330967,0.057488108223837556,1.0913831482270386,-2.2240106418180434,-0.12066197054539962,1.0756680849831153,-1.9399835260601699,-0.24623245656433485,1.013545528090472,-1.5948641653174966,-0.2787531247488381,0.6483874155739128,-1.71766358309712,0.024545865469045643,0.7744863664967216,-2.3096688544501744,-0.20363831659087306,0.7555076227911162,-1.8468809930141086,-0.3509467994665028,0.6664463026025683,-1.4019130007300105,-0.3809992685601754,0.3310321540983129,-1.7975875395785326,-0.03870996661941965,0.4700272059133214,-2.3798169797750566,-0.24017751809572682,0.4929591604400236,-1.9464254199852034,-0.29995686232889074,0.44389856836006925,-1.5026032649160146,-0.2676600923296333,-0.01050302493893774,-1.8175795742219751,-0.11175561218385859,0.0361891172720195,-2.505098561989253,-0.18884943630198056,0.08779524973869862,-2.8935533123686126,-0.2065569149930873,0.13125449409330467,-3.208258010451064,-0.19338232205971662,I
0.0,0.0,0.0,0.49280497293846254,-0.1077021887520646,-0.1223489564177672,0.9551873132980602,-0.47514141401654686,-0.17147649446557534,1.093270879335201,-0.9600729190218013,-0.2352042656892332,0.9673681135997019,-1.3366757142032188,-0.2872492391393682,0.9725456529701672,-1.4071341620559528,0.012004862289640563,1.14463476896537,-1.9302750615320976,-0.14763166667503175,1.168183850053699,-1.9821882059634686,-0.26148213972688217,1.1274956417441566,-1.943799805472072,-0.3065697618709731,0.6803372040348082,-1.5974818921428013,-0.017632156578789457,0.8239328968674625,-2.061329145053027,-0.25132981939223553,0.7659807465919395,-1.6797624290138966,-0.3883404855750233,0.6727423841452398,-1.3567677415205193,-0.4167845247524225,0.3688663787326597,-1.70781113409425,-0.07314421765335155,0.48772952293906724,-2.178370413531195,-0.2961242186616713,0.4915760546531505,-1.8038842246938114,-0.35226286226484554,0.4569876862650416,-1.458029209745694,-0.3223777066252377,0.04231814203532465,-1.7420075771913675,-0.1381170006601367,0.06030475088487283,-2.4003420744126505,-0.251025845667716,0.08783531744493235,-2.79403050478181,-0.27827096842334753,0.12813579591708896,-3.1346492440089837,-0.2719901558625301,I
0.0,0.0,0.0,0.5146091880875007,-0.03809050680592268,-0.12695605145639116,0.9951404139708865,-0.36674443687406755,-0.1863799181092216,1.041265337013751,-0.8542679201824539,-0.26574763953202885,0.8146601245139757,-1.1080537537416626,-0.3231361726312204,1.0207315988217414,-1.3557567156251695,-0.012961726311345194,1.2305091972541005,-1.9769563378618513,-0.23446355244113962,1.1942278605889396,-1.7146296850209932,-0.3746361758244746,1.0882894957990596,-1.3768605001481122,-0.40576730985598425,0.714849346294861,-1.5155222127137398,-0.04177496075695448,0.8852989600585259,-2.0100116182942056,-0.2963818518596937,0.8017372455160974,-1.5717313047292207,-0.43076972572812655,0.6757068049946514,-1.2025914662373924,-0.4460293008987129,0.4036026779829012,-1.6136612573713984,-0.10307117362784178,0.5346741056926169,-2.093236462338855,-0.3204424773998416,0.48709224517930705,-1.644675289127876,-0.36747791778060707,0.410034764759314,-1.2530786976317951,-0.32011287650156633,0.08185349582119682,-1.6584633876290087,-0.17690250351597814,0.16735194140134774,-2.280675267306086,-0.2561627583121525,0.22343895901006006,-2.657277281107847,-0.26528758018416054,0.2773357697341867,-3.0131741038991025,-0.24274851268174866,I
0.0,0.0,0.0,0.459334736791168,0.12105972580066744,-0.14091000296589576,0.9315078357977438,-0.03043299467145984,-0.22074463715521442,1.10379591860684,-0.40759141832039014,-0.3127628993255067,0.9324747494926809,-0.6420496888678291,-0.3837915882654442,1.0648761366503496,-1.0539461201510156,-0.06670305434830193,1.3155518710107161,-1.563923830407942,-0.2802347898515947,1.241637874772485,-1.3106068047323685,-0.4199228932840826,1.0971127705237214,-0.9962685831552726,-0.4597527763855141,0.7958188494166568,-1.2977624195758806,-0.08116099410708463,0.9781244731514507,-1.7175861995783879,-0.29666968762880375,0.8420861561877175,-1.3441101094452028,-0.4043700957670817,0.6983109081034271,-1.0352865853816846,-0.4208173000344784,0.5138029727975342,-1.4775759356129903,-0.12592934141683376,0.6950425359611492,-1.9618331392904804,-0.2960069614148595,0.6019359746679975,-1.6261931650225265,-0.3178938949532552,0.4950630549299418,-1.2885660835012975,-0.2789786591590224,0.21852620148107638,-1.573112985283545,-0.18568857190161256,0.3398041430701077,-2.11233045292333,-0.24601822992392774,0.4224421378112936,-2.4394532935492728,-0.24707534295282899,0.5092936431411742,-2.7089104114100526,-0.22750032113932175,I
0.0,0.0,0.0,0.530663258141901,0.024771329403462775,-0.11307001441355578,1.0609182204042609,-0.25674270223555956,-0.1715243098428427,1.2622770579165776,-0.7110914143158524,-0.24479673836812219,1.1732271748374825,-1.0733657272183776,-0.29475815333753874,1.0724328079170389,-1.3036747196985816,-0.0195751073743324,1.3679024662856,-1.717097977055754,-0.22740536848218063,1.3328391380446967,-1.375583762415795,-0.3758973037505257,1.2182031729736853,-1.0219337803832604,-0.42767656646403074,0.806283667501692,-1.5159545524033078,-0.06001775466254407,1.1168979764111582,-1.9993490563241731,-0.2832015522707145,1.1158294182759627,-1.5576078589026823,-0.4172472333073104,0.9982811265146213,-1.1578705598816355,-0.4525187039366932,0.5147365002911993,-1.6587332765362672,-0.1295514187097143,0.7628994715445109,-2.2384485947199244,-0.30569460905804435,0.7882804860113424,-1.7932083751775916,-0.34916970027613403,0.7336350482954678,-1.3843092476703567,-0.33122017084146455,0.17850484348913132,-1.708211104578536,-0.2125598418017868,0.20880150125345556,-2.3330605895724523,-0.2914959244351245,0.3058439600916299,-2.6386774120914547,-0.3220871943445118,0.42226851859891923,-2.916371486334951,-0.3318408621915636,I
0.0,0.0,0.0,0.5137875727498001,0.027808908900773078,-0.08086763535379493,1.045059106140975,-0.1919876438055329,-0.14387215059774489,1.2623474944725483,-0.5709456643340338,-0.22971877971763327,1.0904148440007837,-0.8822545600603066,-0.2937975910609565,1.106825820742979,-1.293124350966767,-0.018218083091016704,1.4277896948956688,-1.703701147362935,-0.2310828521379965,1.426062223659648,-1.2846085089230381,-0.38407576214901007,1.328340930520861,-0.9026206108165304,-0.43623482550029874,0.8575088395625694,-1.5036928668068892,-0.08549971669905049,1.1956390486024824,-2.0300170389314056,-0.2966675121684225,1.2255151053212638,-1.541939558522265,-0.4232600245681563,1.1141274597560664,-1.1149339570550125,-0.4559264786642284,0.5674991668598874,-1.649280408012966,-0.17809016779660689,0.8549701793621057,-2.2369150302698966,-0.3304979684743173,0.9063110748965244,-1.7602228145224916,-0.37211351059986303,0.860162914734261,-1.3363223918644738,-0.3585518996056748,0.2337645792241778,-1.7017892936728798,-0.2842200251152412,0.25483625647116076,-2.3643373810044244,-0.3364217239767345,0.3778695541331811,-2.6546025148934214,-0.3603426203571777,0.5229001946447559,-2.889220508071516,-0.3713043742390749,I
0.0,0.0,0.0,0.5900460019237608,0.0033784288861495233,-0.017903432963934485,1.1649143966357778,-0.37042156629075035,-0.02921152410961575,1.470534361695302,-0.7332796517515578,-0.08342767181522188,1.605331203737943,-0.7696493342725452,-0.12510208022498,1.141505651989717,-1.4746798854034986,0.0827816780990834,1.433267882329216,-1.953772600522242,-0.06489492707392344,1.4125390285308703,-1.5385501025834794,-0.17969069903975277,1.278748921238581,-1.141271570719543,-0.21478040402164747,0.883226307715289,-1.661544060528439,-0.007543176867818805,1.2038033865473692,-2.2392115484236426,-0.20906218538126323,1.2144926861328518,-1.705668071141859,-0.3448318118976865,1.0609606956747701,-1.22470517637645,-0.3763320712943214,0.5930717648329467,-1.793536250729763,-0.11712588832972338,0.8918125816412945,-2.412297045299751,-0.28562801101490726,0.9413019326082761,-1.8652386172160074,-0.35005227972371455,0.8486014262186841,-1.3776158323812473,-0.3409750295979497,0.2691286096883408,-1.8500103644524055,-0.23040409354838604,0.26811013999304634,-2.5878397778840037,-0.30027453476440646,0.3371319980028942,-2.9968183586702017,-0.33905918403066804,0.39450476145667873,-3.368459123977636,-0.3591660085434627,I
0.0,0.0,0.0,0.5636622328854795,0.03859700038099778,-0.08219392015388122,1.12167221243947,-0.23274026152130667,-0.11618456547096213,1.3644416667141783,-0.6838366405594605,-0.17833301885757555,1.2362984872380685,-1.0211785111023164,-0.22633843014992922,1.1175364961860523,-1.3543988930317195,0.032022728966396935,1.3655456022332688,-1.871657678171853,-0.1404949236216629,1.318640953534616,-1.5118717055844522,-0.25877314460030054,1.1998498604917625,-1.1417415920317007,-0.2860750156264792,0.8556134049641236,-1.5342149207274283,-0.026228043252616812,1.1043798094840145,-2.09836154008262,-0.23486080669858794,1.0723727932503706,-1.609494010492337,-0.3640187766371336,0.942350271877086,-1.1585832374846337,-0.38856072802672237,0.5518028482638727,-1.66933546418448,-0.10993856079238913,0.7901429795331614,-2.1726113894382535,-0.31234360430021085,0.7638283127072708,-1.6402645154708544,-0.3734660104126549,0.6541260947583242,-1.176175714301166,-0.3459254222227479,0.22456971591603997,-1.740482717961416,-0.1993851565126052,0.23164796679855096,-2.4368564961735357,-0.2796374935755669,0.2815462402879891,-2.824656691851719,-0.3008039778029276,0.3275939970342138,-3.1707737826983475,-0.29715962037119353,I
0.0,0.0,0.0,0.5547510679301698,0.044564046330448664,-0.09503036556672186,1.0981881645275355,-0.2333503974705821,-0.13592461270606782,1.3302161950057128,-0.6714050168270688,-0.2054008504674067,1.2344560626184182,-0.9887779720163233,-0.2551769857452967,1.1330037604060723,-1.4364793212868445,0.026375551225157865,1.3863290059652988,-1.9408661820795212,-0.14628380006037606,1.3284841589977472,-1.5427173657915134,-0.25754447030173966,1.222666234248832,-1.1621487846559564,-0.2874169096137984,0.857573109190881,-1.5995868103410635,-0.027448686431082243,1.0847094965427808,-2.0963759830135213,-0.2567986793547258,1.0378811231705432,-1.553759617879303,-0.3822620143800806,0.9124241674511809,-1.1006008920800634,-0.402219357478902,0.5402280226421408,-1.7026687313074846,-0.11002304099216814,0.7478702959542683,-2.242668231097408,-0.3190828918943327,0.7360971887689907,-1.7162491198301166,-0.37822637396510117,0.6505209543416444,-1.2530611670257834,-0.3518770098063123,0.20416182846989447,-1.728672263055391,-0.20138737433058626,0.21731164649658002,-2.4049361773561326,-0.3035247661073258,0.2558275011194067,-2.7904333275666486,-0.3455313203611999,0.28277403799071665,-3.124324374346752,-0.35335737892700814,I
0.0,0.0,0.0,0.5463929122892888,0.03998591563507789,-0.08555202537816196,1.0533593040676392,-0.2049668432278717,-0.13905428443132783,1.2734372652191512,-0.6082893732649096,-0.21325377684275362,1.1098724335156747,-0.9131603931547975,-0.27260563760836665,1.0425391395417576,-1.2540758279261404,-0.04616204374743807,1.3061991278406735,-1.7706833201733183,-0.23683783040973944,1.2681866715176329,-1.4077923256160119,-0.3563803060102717,1.167922883704384,-1.0487581775865202,-0.38839069306929574,0.7680061624800556,-1.4201599693896647,-0.10092251855878899,1.0239057285906958,-1.9421731418800414,-0.3080559491331008,1.0064737304123021,-1.4728602725073054,-0.42034525066639933,0.9067469890075796,-1.052527660953301,-0.4415841493793812,0.4502439970841178,-1.5230487154367696,-0.17792422457113463,0.6814164024531296,-2.039388700330394,-0.3402330626898538,0.7341830744838038,-1.6190777602581965,-0.3892724938124253,0.7093692278149479,-1.2136639322267964,-0.37625322413561485,0.11228739681321782,-1.54973308187908,-0.2634601876316455,0.12218008964114663,-2.15847823349574,-0.3228774437866953,0.18009881785449874,-2.4431135072484715,-0.3424296282140082,0.23565366146638686,-2.6497483773416652,-0.34544623922356515,I
0.0,0.0,0.0,0.5638722053148351,-0.11079553212268771,-0.06286693442137899,1.0906003373972815,-0.5075281536002145,-0.09832423926502573,1.332067248473181,-0.8869113885015478,-0.16499564985963425,1.462273355737351,-1.1570425339057966,-0.21835166469269862,0.9718098284465031,-1.5657742673638742,0.02466235400724757,1.2157591214061925,-1.882631284168071,-0.14243382105282235,1.2342139655292823,-1.434583043500951,-0.26243469232324235,1.1592324592993315,-1.0801306749088289,-0.2961974560297706,0.6890037027134113,-1.6797189541818658,-0.04613265538408635,0.9612771968572779,-2.0370490106792944,-0.23528578316785975,0.9957066021896935,-1.5194856813859579,-0.35183343332476624,0.8927801086935513,-1.0814096473111872,-0.3752346314991681,0.3646617587973816,-1.7337429443613546,-0.1408284478793239,0.641883924605297,-2.0655285356453774,-0.31770179750048316,0.6994124950711171,-1.5400597855783824,-0.35041896803439126,0.6450666628210128,-1.104584375365519,-0.31483681273668673,0.01702404622220197,-1.6989525161845096,-0.2411339290807567,0.026223831845074472,-2.3118587602709453,-0.3084449461300355,0.14416005999537163,-2.5982086470641823,-0.3030277012720086,0.276819163562971,-2.8018710090062564,-0.28073786399770045,I
0.0,0.0,0.0,0.5908047525318447,-0.08037678997302534,-0.03611934705520231,1.18866723765536,-0.4722118181317735,-0.0774443994221559,1.4366795684680649,-0.9136942915862732,-0.16021342229688812,1.3001172400817405,-1.2471170839691952,-0.225005321596162,1.0874104585913922,-1.715705241898111,0.056842269541239394,1.3617424903903272,-2.223111312862215,-0.1475349051368246,1.4264709938656486,-1.7014270535707312,-0.29582457346080004,1.3525540056861522,-1.2447645064386383,-0.33506831550190164,0.8246924074172064,-1.858137884461825,-0.03569898692854031,1.1386559679715222,-2.3732188078657455,-0.2586226902580568,1.2375547965709317,-1.7367970781011033,-0.3999894530529561,1.1262506309245859,-1.2206008871109186,-0.4303348488259514,0.5155706279600366,-1.943110068129938,-0.15240556575422748,0.8115410001060934,-2.532817207001523,-0.3183016671836204,0.9318241060305646,-1.931855306521274,-0.3535188029580814,0.8939479915695993,-1.4266076199016808,-0.3190795912708046,0.17021071135028923,-1.9313709748991594,-0.27816954408624606,0.20580716667071497,-2.677056690513665,-0.3246175990747404,0.36214803267772117,-3.0332760743019826,-0.33114823244909875,0.5126155142593372,-3.31944928507772,-0.322822439460503,I
0.0,0.0,0.0,0.6078355665371996,-0.032294128444284996,-0.1222531781312171,1.141375247721239,-0.3686065512296468,-0.15909579121988748,1.3853757689812631,-0.827123026780161,-0.21787681314683452,1.4066706621083402,-1.232959037540444,-0.259109600994328,0.9472796610846992,-1.3625716269154962,0.03157042081413804,1.2224544433279456,-1.7388898308240086,-0.15259678830730045,1.3686885566727778,-1.381479579927686,-0.3122318050231202,1.437109688553522,-1.0212668903885205,-0.38153631645276553,0.7149313014000999,-1.5823363168962814,-0.01594549620181955,1.0014487977436648,-1.9376263381613763,-0.24751051440943855,1.1849986360277944,-1.5593501469039812,-0.4327815058815159,1.233485335675855,-1.1438721960178135,-0.5068607384308133,0.44281696259991304,-1.776898844735667,-0.09709332017029777,0.712458887302319,-2.266389350550217,-0.3051567554460159,0.8974657404244815,-1.9006137292910448,-0.41275870601547604,0.959500857786982,-1.4886378374262217,-0.42926891100464115,0.13289700631032425,-1.8977345223487507,-0.19288796498184096,0.1751915907531875,-2.61354588920235,-0.29757689988950015,0.2372172110064776,-3.0635173407407836,-0.3499534324529425,0.2920289853886819,-3.4032332900394318,-0.3694847074532324,I
0.0,0.0,0.0,0.5037132981312975,-0.05531194100518573,-0.05658649261359265,1.0335252253130898,-0.383251075191472,-0.08045509444351957,1.1947909497861846,-0.8339621250400276,-0.1327673898301266,1.05774297618772,-1.1383074720332333,-0.17440005452085125,0.9190047799827531,-1.262735266622002,0.06471177425602519,1.1630310700077207,-1.6557848825904011,-0.09309267598966572,1.2196917226332107,-1.324381851258393,-0.2139111744884007,1.2096819842727136,-0.9542195697757232,-0.2468594418856596,0.6964359076732971,-1.4655022791734735,0.003395256682817088,0.993073505773122,-1.903469576958117,-0.18243025686771808,1.0497116905705726,-1.4751701855788006,-0.31509628181832483,0.988528585129736,-1.0474886594705661,-0.3456375226523837,0.4189319119317723,-1.6479619058360757,-0.08119672835928503,0.6970900424382138,-2.135534316303913,-0.23442081095074568,0.7561804301816722,-1.693958685336152,-0.29480207571786776,0.7144422670019664,-1.2706676937957762,-0.2801946373786531,0.08654286391780923,-1.7631467569384327,-0.17318631035326904,0.11585888594353716,-2.4224767256357915,-0.2132778425249811,0.22592749163236497,-2.74831030336582,-0.22308781782153547,0.3538971788270492,-2.9748386489137513,-0.2173907790531894,I
0.0,0.0,0.0,0.6457050244162521,-0.053601775700700155,-0.09555589134030378,1.1709294432434982,-0.4237910491922887,-0.12221196541235961,1.208431007561003,-0.9724693893367422,-0.1738763431190837,0.9024926013663371,-1.2833191847243675,-0.21159278469409462,1.158031951809913,-1.2743841755986907,0.0953474864649238,1.4741077404181584,-1.7341165059753476,-0.0705699769725332,1.2974747738434675,-1.5459489075200972,-0.21097372643976617,1.124562286478485,-1.3350645419217642,-0.27540981765403705,0.8941817054939152,-1.5295761242262966,0.04935647435918429,1.2005525330140505,-2.038356432530799,-0.14599094903256546,1.0523816781888067,-1.811300209895198,-0.2958687118121626,0.9017793290769033,-1.5604690934121446,-0.3458719253245017,0.6055611683765496,-1.6770696888017076,-0.029491568055558044,0.8652616984086622,-2.2419717892794906,-0.189688499169766,0.8030528914653733,-2.05087595333601,-0.26297485862220205,0.7075896745780035,-1.8055440388344406,-0.2663618074106315,0.28821486350275005,-1.7185006192136831,-0.1195450852997157,0.31306890011310057,-2.3655557661777924,-0.19402347917414056,0.33780034304870465,-2.7470555002589756,-0.22748379076739794,0.3725437088969789,-3.0278104590471218,-0.23606588534205525,I
0.0,0.0,0.0,0.497185961549402,-0.016103954578885804,-0.1474598110647358,1.0138567166432129,-0.32147335792972653,-0.20558721472429417,1.1304127653829756,-0.8880269290968191,-0.26342091138497964,0.9372728579579256,-1.2337136498131989,-0.2988573626007481,0.993462239024587,-1.273948613409065,-0.0346569244779042,1.2368663905087727,-1.8206500498749176,-0.21794002620597122,1.1747521433351433,-1.6014289203148742,-0.3439911225770764,1.0499574668213827,-1.283038952537839,-0.38607281527774795,0.6976892170451161,-1.492725195153209,-0.047012580415441686,0.9277542250467404,-2.1250677795650303,-0.25653021706312146,0.8774815830703028,-1.767107638161792,-0.3837357561627184,0.7622643248888427,-1.3825223063028254,-0.4130855628444578,0.4038322747133332,-1.624371759483875,-0.08764037098470946,0.5868735511322314,-2.2495216631766572,-0.26787551550652516,0.5820347253628263,-1.9045303441930097,-0.32294577250496165,0.5234075101735091,-1.5271376930530822,-0.3071096031277922,0.0829088449166205,-1.6734386230760543,-0.14095955217228948,0.09207584890334654,-2.3054642538348578,-0.2234394260551034,0.13611642353989137,-2.653406221697711,-0.25581590308517443,0.1962772067888101,-2.9621704153928183,-0.2636410858136038,I
0.0,0.0,0.0,0.5440567742819802,-0.029967671127713796,-0.12024857289132966,1.1057524496289108,-0.34813574768211414,-0.16753152381893088,1.3094765664601304,-0.8904492403205603,-0.22517519732243946,1.0641545483988524,-1.2025033024044145,-0.26034207874715054,1.0559116745906614,-1.38526815216556,-0.01091451739564466,1.3591925656928585,-1.9105098600026753,-0.17439596695897974,1.2209563144627666,-1.6492960578418718,-0.28579965103863697,1.0752667543577825,-1.3478052393102788,-0.32262142591780174,0.7904593303640229,-1.604658280480987,-0.04323241285249235,1.070912896947091,-2.220335600067844,-0.2332567319230815,0.9626934089649178,-1.834434971853562,-0.3459578894179646,0.8257846904853727,-1.4547843841928945,-0.3664449964022377,0.49741568045334983,-1.7508170282973063,-0.10038897250995195,0.7529539732798144,-2.360992962163677,-0.2548023557882617,0.7057534338313466,-1.945946955835117,-0.2866452755935765,0.6133907006754278,-1.5377787044096694,-0.25986331871159546,0.16436195257550285,-1.8090788917676166,-0.17067543305605143,0.163539403873941,-2.4844599001676833,-0.22556839771880893,0.23677973345746076,-2.845389003237627,-0.243342637704989,0.33958297986512814,-3.1426777152613496,-0.24664254866002702,I
0.0,0.0,0.0,0.5053152951816164,0.05863635318688306,-0.10713431732349904,1.0789083366455459,-0.17534546076366425,-0.16799046799795486,1.2677388219014567,-0.615958891488852,-0.24648935092988816,1.1568892952645538,-0.9885836009558214,-0.3023521427115057,1.0778325212780817,-1.3322203047770131,-0.04040926515391763,1.349239864459753,-1.7410849387408507,-0.2693676385272612,1.3135235971072343,-1.2879870319575224,-0.41026791481997954,1.2232446237129915,-0.8815785085630241,-0.44468404625464925,0.8079594192659807,-1.5156139081907847,-0.09409449046982066,1.1185091806066279,-2.0003235255608405,-0.3542613631956482,1.0919698591927647,-1.4314799279477137,-0.480007871816639,0.9744141491495724,-0.9613164984743418,-0.488115726233877,0.5041660192871948,-1.6350274068610755,-0.1773446801091573,0.7617828545830969,-2.147565718391373,-0.3941070755799216,0.7803643536668824,-1.6004606161148007,-0.4386370506507097,0.7262524463780171,-1.1465289524216877,-0.39655583507876946,0.1641744428705768,-1.6677125242733994,-0.269917187496686,0.17795672157163211,-2.3361786320319236,-0.3535644666596862,0.27523933329279504,-2.6629461093252695,-0.37440708477745804,0.3867724843964113,-2.947233531566811,-0.36729526277832464,I
0.0,0.0,0.0,0.5539702178286049,0.02348973915112668,-0.06981003912041935,1.1147355016155456,-0.18497430405017948,-0.1386219881471345,1.3779061459885262,-0.5812479140535473,-0.2384760261212789,1.1696437144162732,-0.8245066319445248,-0.32229238982225983,1.127446162331465,-1.3393524859748835,-0.023260903234022065,1.3800893459322698,-1.781941406837157,-0.2546453879114999,1.3347672104704222,-1.3346975592088104,-0.40475286074778116,1.230679650745705,-0.9322747945193197,-0.4520208411240402,0.8558427543873768,-1.4928237823656423,-0.11359309998095114,1.1472636329715105,-2.0363211094988327,-0.396291671127597,1.126771477746051,-1.4677715530893531,-0.5498426150258472,0.9859953640130756,-0.9795158123167426,-0.5784479020000742,0.5539936333524517,-1.5986333752763082,-0.22749350051807302,0.8047683375249443,-2.1500665806271124,-0.4605762385403789,0.8500134795693974,-1.5802414734779147,-0.5348591106128131,0.8041710432302098,-1.0952317593077179,-0.5166682251335446,0.22746871735257,-1.6295498042197039,-0.3485701638042897,0.2050364470707588,-2.301759090952091,-0.44338974012848514,0.294954836755205,-2.6190824998267783,-0.49118206452868063,0.41207333393727097,-2.896150456039437,-0.5117321136446681,I
0.0,0.0,0.0,0.5970472638799236,-0.039427522663351755,-0.053501539430175486,1.1641099396944476,-0.40601360982028256,-0.09026916854131234,1.4090274265658633,-0.8914154047498922,-0.15798339906212003,1.173810911878752,-1.0974498851471925,-0.2067022463137073,1.1083769236987138,-1.5374029356589705,0.03347106488459521,1.3675071621951618,-2.048372170231894,-0.13469026308140775,1.320546389916621,-1.6070586049111124,-0.2525723540872587,1.2208001251738247,-1.204036990029976,-0.2925256800437423,0.8429513954702973,-1.7085873457263658,-0.044399989948698745,1.1176942007145345,-2.2915749223611375,-0.24272752853410984,1.112459502344507,-1.7647849845103512,-0.35559395739639954,0.9897520292914938,-1.3166835827622099,-0.37969119040104055,0.5397859310776485,-1.8251109661212765,-0.14500893051367822,0.7964679151600994,-2.4800062234081177,-0.29973441119643607,0.8595325081083423,-1.9634201466248578,-0.33854137027066594,0.8156992134295175,-1.4967669283477125,-0.3230819648607682,0.20563216929072303,-1.8562949894202312,-0.2552498495583698,0.19230212339695968,-2.5676451474133226,-0.30170204475038276,0.303600094836194,-2.9102451154461084,-0.3264782100667098,0.4325490782444608,-3.196347521247846,-0.3450699086575319,I
0.0,0.0,0.0,0.569252311282663,-0.03695246231743128,-0.0662004541317179,1.1261590895515365,-0.40503161012725525,-0.0970068708067471,1.3123839617383108,-0.9241906567378871,-0.15115844295701003,1.0655116626508332,-1.1397902059180425,-0.19294086900908383,1.0605405039541822,-1.4644593172575713,0.03012351758458802,1.2576048295599884,-1.9917980007768876,-0.12864315543110688,1.239021251546595,-1.6667994345260058,-0.25442162422366177,1.1595317115650765,-1.3054841056496578,-0.30274910566790325,0.7787940163393849,-1.6357629766441455,-0.03326277022353744,0.9999401420408152,-2.249826636040599,-0.21565538689768976,1.0007383126479683,-1.8124797543002327,-0.33929015229980175,0.8989019298437246,-1.379810680992984,-0.3737789559479408,0.47149607604495275,-1.7406453667452346,-0.11722526203501103,0.6793498888161119,-2.3721362883360757,-0.2671111386282004,0.7292336175856189,-1.9307128050213727,-0.3163719816320888,0.694360073784153,-1.4916480512432364,-0.3060516534115602,0.13489212206058174,-1.7564733864589734,-0.21050660622828374,0.12443692525048623,-2.4346837223282813,-0.26016298854355213,0.21114288171493265,-2.7645232126533226,-0.28118354969403175,0.32142614029431066,-3.0269756343637066,-0.2930128789233433,I
0.0,0.0,0.0,0.5396986530295225,-0.09285878296817661,-0.09934723761254631,1.0388063341329608,-0.3300907285536112,-0.1510312427919366,1.1257693335791277,-0.7640733708167962,-0.2196773317919407,1.0100084692230844,-1.064362557586959,-0.27494291525669223,1.0022262197706941,-1.3117737193355081,-0.004973957416147455,1.1828561025907252,-1.867029171408871,-0.18229955996038674,1.1380067225715922,-1.653147054124983,-0.3042854009557044,1.0552963563227689,-1.3363208760132763,-0.34687063686533354,0.70509474597216,-1.5082895702545784,-0.058026890343373286,0.9038720460494049,-2.1713234408471456,-0.28126652230219895,0.8456106632513604,-1.8154893822186864,-0.41038804098950815,0.7377968253718302,-1.4029916619373008,-0.436646203016479,0.4024990658573217,-1.6119404783167197,-0.13575018298698924,0.5780185509712565,-2.2011831165806934,-0.3305726540197904,0.5719275759744095,-1.8330181156493448,-0.3814629118155273,0.5275143930775462,-1.4328509526778015,-0.35764993687841956,0.07751065015581932,-1.624079309089148,-0.22261203754108527,0.03305704298901937,-2.2598549019668575,-0.31022495337474676,0.09638916920931734,-2.5802645953601933,-0.3322357517967051,0.20310962683532077,-2.8358980536138727,-0.3302343173176593,I
0.0,0.0,0.0,0.532364819608252,-0.06280477146404544,-0.12463357509008345,1.0220014794284455,-0.35150924263417566,-0.17617066169112053,1.0815287974753607,-0.8223756681720408,-0.23508796613580288,0.8965876053610788,-1.0815316749586066,-0.28188812440227806,0.9684663147066913,-1.3102332212081707,-0.03563991654527938,1.1265782641048259,-1.8721292403005114,-0.20025843362832405,1.0805298997199828,-1.7165889387861806,-0.32293210866157435,1.0032719409805955,-1.4283366435546987,-0.3694838784635693,0.6574449056190892,-1.5023076942891478,-0.06067027620300081,0.8274922444523645,-2.130900486470191,-0.24676379116707076,0.7809526525705355,-1.8498723184621693,-0.37225191457890866,0.6911044714230374,-1.4856963945793478,-0.4080242724561914,0.34910407770960156,-1.6029661689226224,-0.10854995956232319,0.5055261223042966,-2.1955402701070783,-0.2659501814638437,0.4892033930571613,-1.8928800051941195,-0.31938193663144676,0.4439541468766206,-1.5219839247249132,-0.3098124036443953,0.022610852277593328,-1.606664968100766,-0.16787328460055265,-0.013837405860709874,-2.2256486105164965,-0.23700100434987648,0.013880568109399034,-2.556857619919572,-0.2601802366439878,0.08040715861755555,-2.8072590894648703,-0.26315188039079246,I
0.0,0.0,0.0,0.49299517976845664,-0.13697194633357382,-0.14151346541110202,0.970248349181943,-0.46371409045693507,-0.2171159959486451,1.0307216577397715,-0.9475107380403881,-0.3029475223518382,0.8460808885854247,-1.2393410425161844,-0.3678972583409697,0.9101945052280875,-1.4390528483111582,-0.04033430331456721,1.073843382462268,-2.0314878594134034,-0.2576090289885522,1.0298958765628903,-1.7841615194420535,-0.40066761242884236,0.9506009494706692,-1.423521206453226,-0.4431464355436442,0.5872758933644002,-1.5891304127061767,-0.06897326638111322,0.7390054442432157,-2.222950336040251,-0.31053324706496804,0.6847269789671172,-1.8274626511690804,-0.439725164113425,0.603458574825061,-1.4127559379213301,-0.45638793426484403,0.2702297859563363,-1.6592441969448026,-0.12809693352635096,0.3966307153137468,-2.2698794760811163,-0.32528965874448806,0.3882219132527046,-1.901544596009094,-0.3622436049830714,0.36410333471930295,-1.5023669798390695,-0.3215769039481612,-0.05746368183407416,-1.6333374861865773,-0.2012414582120038,-0.13152357191230138,-2.2674059497207817,-0.2720194300844233,-0.09684457965359515,-2.5680899686636542,-0.27489609204240867,-0.006858606785489374,-2.7991844280903586,-0.25359508885158183,I
0.0,0.0,0.0,0.5424232642622234,-0.06767813476150582,-0.11065287752790338,1.0524797108700459,-0.4071264666113313,-0.15646400179140063,1.1344995517714282,-0.895196290453164,-0.2145362392333593,0.9302547451399624,-1.1210567693964646,-0.2557352583098115,0.9591353986646584,-1.4409795015625368,-0.009469796866833554,1.1355884432429673,-2.0003411251437213,-0.17548501312490322,1.0937181059949226,-1.7040907652123476,-0.2950937111893017,1.006364194376182,-1.3552544346715563,-0.3359298422079317,0.6552619427221217,-1.6074203067202237,-0.048696654190260986,0.8420335710407468,-2.245481614888786,-0.236194041911437,0.8146050580482329,-1.8541224679274166,-0.35543223074735053,0.7141853044814152,-1.4416033144369982,-0.3823573721028249,0.34367596903264525,-1.6955422184141753,-0.11207230719337223,0.50979887778037,-2.308915426114863,-0.26835637152352815,0.5290733264645974,-1.9327177558471889,-0.31617357509211824,0.4908217884567398,-1.5293204751163816,-0.30005348883379307,0.0074416854084389346,-1.6914887182957627,-0.18702037692866996,-0.060618096187099395,-2.3482541441734788,-0.24494295864566626,0.01416628550988404,-2.6451663960916783,-0.2608069735697218,0.13146877722029926,-2.8540294716990933,-0.2604437779909782,I
